scenario_id,RI,algorithm_id,failure_reason,replan_count,success,travel_time,hazard_exposure,hazard_score,steps,distance,runtime
la_trinidad_mini_000000_RI1,RI1,NNA-AStar-Blind,,0,1.0,22.815322443125797,3056.361029029746,6320.264554127953,46.0,7563.069271205148,3.3439999679103494
la_trinidad_mini_000000_RI2,RI2,NNA-AStar-Blind,blocked,0,0.0,,,,,,3.304899961221963
la_trinidad_mini_000000_RI3,RI3,NNA-AStar-Blind,blocked,0,0.0,,,,,,3.1816999544389546
la_trinidad_mini_000000_RI4,RI4,NNA-AStar-Blind,blocked,0,0.0,,,,,,3.265200008172542
la_trinidad_mini_000000_RI5,RI5,NNA-AStar-Blind,blocked,0,0.0,,,,,,1.1199999717064202
la_trinidad_mini_000001_RI1,RI1,NNA-AStar-Blind,,0,1.0,27.83222832961387,3278.952471300338,7271.955011319966,48.0,9445.169809258536,3.982099995482713
la_trinidad_mini_000001_RI2,RI2,NNA-AStar-Blind,blocked,0,0.0,,,,,,3.7914999993517995
la_trinidad_mini_000001_RI3,RI3,NNA-AStar-Blind,blocked,0,0.0,,,,,,3.444099973421544
la_trinidad_mini_000001_RI4,RI4,NNA-AStar-Blind,blocked,0,0.0,,,,,,1.935300009790808
la_trinidad_mini_000001_RI5,RI5,NNA-AStar-Blind,blocked,0,0.0,,,,,,0.9376999805681407
la_trinidad_mini_000002_RI1,RI1,NNA-AStar-Blind,,0,1.0,20.765359181795255,2484.2507984863123,5396.844549630392,34.0,7061.296540628576,3.2786999945528805
la_trinidad_mini_000002_RI2,RI2,NNA-AStar-Blind,blocked,0,0.0,,,,,,2.7301000081934035
la_trinidad_mini_000002_RI3,RI3,NNA-AStar-Blind,blocked,0,0.0,,,,,,2.7808999875560403
la_trinidad_mini_000002_RI4,RI4,NNA-AStar-Blind,blocked,0,0.0,,,,,,2.5522999931126833
la_trinidad_mini_000002_RI5,RI5,NNA-AStar-Blind,blocked,0,0.0,,,,,,2.6458000065758824
la_trinidad_mini_000003_RI1,RI1,NNA-AStar-Blind,,0,1.0,19.08843636410799,2762.070043369555,5714.572600910875,34.0,6114.278790675318,2.4502999731339514
la_trinidad_mini_000003_RI2,RI2,NNA-AStar-Blind,blocked,0,0.0,,,,,,2.0064999698661268
la_trinidad_mini_000003_RI3,RI3,NNA-AStar-Blind,blocked,0,0.0,,,,,,1.5859000268392265
la_trinidad_mini_000003_RI4,RI4,NNA-AStar-Blind,blocked,0,0.0,,,,,,0.8125999593175948
la_trinidad_mini_000003_RI5,RI5,NNA-AStar-Blind,blocked,0,0.0,,,,,,0.7983999676071107
la_trinidad_mini_000004_RI1,RI1,NNA-AStar-Blind,,0,1.0,28.122238274457978,3977.5449425425277,8858.085675378588,36.0,8788.409151305956,4.799299989826977
la_trinidad_mini_000004_RI2,RI2,NNA-AStar-Blind,blocked,0,0.0,,,,,,4.5264000073075294
la_trinidad_mini_000004_RI3,RI3,NNA-AStar-Blind,blocked,0,0.0,,,,,,1.5449999482370913
la_trinidad_mini_000004_RI4,RI4,NNA-AStar-Blind,blocked,0,0.0,,,,,,1.6651999903842807
la_trinidad_mini_000004_RI5,RI5,NNA-AStar-Blind,blocked,0,0.0,,,,,,1.574800000526011
la_trinidad_mini_000005_RI1,RI1,NNA-AStar-Blind,,0,1.0,32.134974282217186,5043.154026469255,10803.183644184759,42.0,9701.8460905497,4.160500015132129
la_trinidad_mini_000005_RI2,RI2,NNA-AStar-Blind,blocked,0,0.0,,,,,,1.7143000150099397
la_trinidad_mini_000005_RI3,RI3,NNA-AStar-Blind,blocked,0,0.0,,,,,,1.6386999632231891
la_trinidad_mini_000005_RI4,RI4,NNA-AStar-Blind,blocked,0,0.0,,,,,,2.03730002976954
la_trinidad_mini_000005_RI5,RI5,NNA-AStar-Blind,blocked,0,0.0,,,,,,1.616799971088767
la_trinidad_mini_000006_RI1,RI1,NNA-AStar-Blind,,0,1.0,29.818962127772398,3917.686319966407,8514.127150884353,57.0,9757.848624610851,4.700600053183734
la_trinidad_mini_000006_RI2,RI2,NNA-AStar-Blind,blocked,0,0.0,,,,,,4.494900000281632
la_trinidad_mini_000006_RI3,RI3,NNA-AStar-Blind,blocked,0,0.0,,,,,,2.7979000005871058
la_trinidad_mini_000006_RI4,RI4,NNA-AStar-Blind,blocked,0,0.0,,,,,,1.5584999928250909
la_trinidad_mini_000006_RI5,RI5,NNA-AStar-Blind,blocked,0,0.0,,,,,,1.6087000258266926
la_trinidad_mini_000007_RI1,RI1,NNA-AStar-Blind,,0,1.0,39.55993818490169,5212.502439401706,11718.03768355974,49.0,12734.152105123925,5.31610002508387
la_trinidad_mini_000007_RI2,RI2,NNA-AStar-Blind,blocked,0,0.0,,,,,,5.032200017012656
la_trinidad_mini_000007_RI3,RI3,NNA-AStar-Blind,blocked,0,0.0,,,,,,4.652999981772155
la_trinidad_mini_000007_RI4,RI4,NNA-AStar-Blind,blocked,0,0.0,,,,,,4.627399961464107
la_trinidad_mini_000007_RI5,RI5,NNA-AStar-Blind,blocked,0,0.0,,,,,,1.574499998241663
la_trinidad_mini_000008_RI1,RI1,NNA-AStar-Blind,,0,1.0,18.631926469165677,2205.373897823166,4963.605682273958,40.0,6275.2025993708885,3.660299989860505
la_trinidad_mini_000008_RI2,RI2,NNA-AStar-Blind,,0,1.0,19.460012090017486,2205.373897823166,4963.605682273958,40.0,6275.2025993708885,3.687200020067394
la_trinidad_mini_000008_RI3,RI3,NNA-AStar-Blind,blocked,0,0.0,,,,,,2.82839999999851
la_trinidad_mini_000008_RI4,RI4,NNA-AStar-Blind,blocked,0,0.0,,,,,,2.8720999835059047
la_trinidad_mini_000008_RI5,RI5,NNA-AStar-Blind,blocked,0,0.0,,,,,,1.8823000136762857
la_trinidad_mini_000009_RI1,RI1,NNA-AStar-Blind,,0,1.0,30.94866396093654,4315.511379614062,9207.40101369736,62.0,9942.171554791494,3.915299952495843
la_trinidad_mini_000009_RI2,RI2,NNA-AStar-Blind,blocked,0,0.0,,,,,,3.9294000016525388
la_trinidad_mini_000009_RI3,RI3,NNA-AStar-Blind,blocked,0,0.0,,,,,,2.363500010687858
la_trinidad_mini_000009_RI4,RI4,NNA-AStar-Blind,blocked,0,0.0,,,,,,1.167299982625991
la_trinidad_mini_000009_RI5,RI5,NNA-AStar-Blind,blocked,0,0.0,,,,,,1.1280999751761556
la_trinidad_mini_000010_RI1,RI1,NNA-AStar-Blind,,0,1.0,27.622945161079542,3241.2009523859883,7318.443275978735,53.0,9323.562587718015,4.216600034851581
la_trinidad_mini_000010_RI2,RI2,NNA-AStar-Blind,,0,1.0,28.850631612683078,3241.2009523859883,7318.443275978735,53.0,9323.562587718015,4.243800009135157
la_trinidad_mini_000010_RI3,RI3,NNA-AStar-Blind,blocked,0,0.0,,,,,,3.56919999467209
la_trinidad_mini_000010_RI4,RI4,NNA-AStar-Blind,blocked,0,0.0,,,,,,1.2268999707885087
la_trinidad_mini_000010_RI5,RI5,NNA-AStar-Blind,blocked,0,0.0,,,,,,1.2027000193484128
la_trinidad_mini_000011_RI1,RI1,NNA-AStar-Blind,,0,1.0,27.035537001762112,3539.7202663332673,7809.422834446564,47.0,8801.990973604912,5.1435999921523035
la_trinidad_mini_000011_RI2,RI2,NNA-AStar-Blind,blocked,0,0.0,,,,,,5.2087000221945345
la_trinidad_mini_000011_RI3,RI3,NNA-AStar-Blind,blocked,0,0.0,,,,,,1.3088000123389065
la_trinidad_mini_000011_RI4,RI4,NNA-AStar-Blind,blocked,0,0.0,,,,,,1.3503000373020768
la_trinidad_mini_000011_RI5,RI5,NNA-AStar-Blind,blocked,0,0.0,,,,,,1.3211999903433025
la_trinidad_mini_000012_RI1,RI1,NNA-AStar-Blind,,0,1.0,18.14157048865695,2271.238755421027,5006.349824912839,44.0,6023.363217212345,3.0035999952815473
la_trinidad_mini_000012_RI2,RI2,NNA-AStar-Blind,blocked,0,0.0,,,,,,2.85059999441728
la_trinidad_mini_000012_RI3,RI3,NNA-AStar-Blind,blocked,0,0.0,,,,,,1.409200020134449
la_trinidad_mini_000012_RI4,RI4,NNA-AStar-Blind,blocked,0,0.0,,,,,,1.3803999754600227
la_trinidad_mini_000012_RI5,RI5,NNA-AStar-Blind,blocked,0,0.0,,,,,,1.3342000311240554
la_trinidad_mini_000013_RI1,RI1,NNA-AStar-Blind,,0,1.0,14.96456372319342,1881.834872028003,3933.365082625906,26.0,5066.662408587955,2.6040999800898135
la_trinidad_mini_000013_RI2,RI2,NNA-AStar-Blind,blocked,0,0.0,,,,,,2.4797000223770738
la_trinidad_mini_000013_RI3,RI3,NNA-AStar-Blind,blocked,0,0.0,,,,,,2.4520999868400395
la_trinidad_mini_000013_RI4,RI4,NNA-AStar-Blind,blocked,0,0.0,,,,,,0.846099981572479
la_trinidad_mini_000013_RI5,RI5,NNA-AStar-Blind,blocked,0,0.0,,,,,,0.7840999751351774
la_trinidad_mini_000014_RI1,RI1,NNA-AStar-Blind,,0,1.0,11.348407889229716,1208.513778691593,2919.4020107751603,28.0,3874.050702550386,2.777900022920221
la_trinidad_mini_000014_RI2,RI2,NNA-AStar-Blind,,0,1.0,11.85278157319548,1208.513778691593,2919.4020107751603,28.0,3874.050702550386,2.5904999929480255
la_trinidad_mini_000014_RI3,RI3,NNA-AStar-Blind,blocked,0,0.0,,,,,,2.4849000037647784
la_trinidad_mini_000014_RI4,RI4,NNA-AStar-Blind,blocked,0,0.0,,,,,,2.443999983370304
la_trinidad_mini_000014_RI5,RI5,NNA-AStar-Blind,blocked,0,0.0,,,,,,2.116899995598942
la_trinidad_mini_000015_RI1,RI1,NNA-AStar-Blind,,0,1.0,20.910287824857537,2778.952039343874,6250.77046745509,43.0,6702.450043955498,2.4810999748297036
la_trinidad_mini_000015_RI2,RI2,NNA-AStar-Blind,,0,1.0,21.839633950406764,2778.952039343874,6250.77046745509,43.0,6702.450043955498,2.4849000037647784
la_trinidad_mini_000015_RI3,RI3,NNA-AStar-Blind,blocked,0,0.0,,,,,,2.286900009494275
la_trinidad_mini_000015_RI4,RI4,NNA-AStar-Blind,blocked,0,0.0,,,,,,0.7499000057578087
la_trinidad_mini_000015_RI5,RI5,NNA-AStar-Blind,blocked,0,0.0,,,,,,0.6979000172577798
la_trinidad_mini_000016_RI1,RI1,NNA-AStar-Blind,,0,1.0,45.548647035278904,5735.982525010101,13012.436889020464,78.0,14901.645662070852,4.823700000997633
la_trinidad_mini_000016_RI2,RI2,NNA-AStar-Blind,blocked,0,0.0,,,,,,4.794600012246519
la_trinidad_mini_000016_RI3,RI3,NNA-AStar-Blind,blocked,0,0.0,,,,,,3.967299999203533
la_trinidad_mini_000016_RI4,RI4,NNA-AStar-Blind,blocked,0,0.0,,,,,,1.893899985589087
la_trinidad_mini_000016_RI5,RI5,NNA-AStar-Blind,blocked,0,0.0,,,,,,1.3611000031232834
la_trinidad_mini_000017_RI1,RI1,NNA-AStar-Blind,,0,1.0,12.673120833243063,1420.0184836484234,3336.697144203776,30.0,4288.0182195223515,2.7750000008381903
la_trinidad_mini_000017_RI2,RI2,NNA-AStar-Blind,,0,1.0,13.236370648053866,1420.0184836484234,3336.697144203776,30.0,4288.0182195223515,2.737600007094443
la_trinidad_mini_000017_RI3,RI3,NNA-AStar-Blind,blocked,0,0.0,,,,,,2.7396000223234296
la_trinidad_mini_000017_RI4,RI4,NNA-AStar-Blind,blocked,0,0.0,,,,,,2.80770001700148
la_trinidad_mini_000017_RI5,RI5,NNA-AStar-Blind,blocked,0,0.0,,,,,,1.7320000333711505
la_trinidad_mini_000018_RI1,RI1,NNA-AStar-Blind,,0,1.0,28.967640947060055,3418.429432860556,7662.115497439018,57.0,9783.733496398718,4.145000013522804
la_trinidad_mini_000018_RI2,RI2,NNA-AStar-Blind,blocked,0,0.0,,,,,,4.148000036366284
la_trinidad_mini_000018_RI3,RI3,NNA-AStar-Blind,blocked,0,0.0,,,,,,2.781999995931983
la_trinidad_mini_000018_RI4,RI4,NNA-AStar-Blind,blocked,0,0.0,,,,,,2.867200004402548
la_trinidad_mini_000018_RI5,RI5,NNA-AStar-Blind,blocked,0,0.0,,,,,,0.9838000405579805
la_trinidad_mini_000019_RI1,RI1,NNA-AStar-Blind,,0,1.0,37.94566594475452,5792.837624837921,12600.081173986122,41.0,11534.422407041566,3.6915999953635037
la_trinidad_mini_000019_RI2,RI2,NNA-AStar-Blind,blocked,0,0.0,,,,,,1.1428999714553356
la_trinidad_mini_000019_RI3,RI3,NNA-AStar-Blind,blocked,0,0.0,,,,,,1.1747999815270305
la_trinidad_mini_000019_RI4,RI4,NNA-AStar-Blind,blocked,0,0.0,,,,,,0.999899988528341
la_trinidad_mini_000019_RI5,RI5,NNA-AStar-Blind,blocked,0,0.0,,,,,,0.9883000166155398
la_trinidad_mini_000000_RI1,RI1,NNA-AStar,,0,1.0,22.815322443125797,3056.361029029746,6320.264554127953,46.0,7563.069271205148,4.808400000911206
la_trinidad_mini_000000_RI2,RI2,NNA-AStar,trapped,1,0.0,,,,,,3.8353000418283045
la_trinidad_mini_000000_RI3,RI3,NNA-AStar,trapped,1,0.0,,,,,,3.2908000284805894
la_trinidad_mini_000000_RI4,RI4,NNA-AStar,trapped,1,0.0,,,,,,3.2534999772906303
la_trinidad_mini_000000_RI5,RI5,NNA-AStar,trapped,1,0.0,,,,,,1.112300029490143
la_trinidad_mini_000001_RI1,RI1,NNA-AStar,,0,1.0,27.83222832961387,3278.952471300338,7271.955011319966,48.0,9445.169809258536,7.0646999520249665
la_trinidad_mini_000001_RI2,RI2,NNA-AStar,,1,1.0,37.84695119155127,3766.11739904362,8795.198761970896,79.0,12633.528655212622,4.253699968103319
la_trinidad_mini_000001_RI3,RI3,NNA-AStar,trapped,1,0.0,,,,,,3.8849000120535493
la_trinidad_mini_000001_RI4,RI4,NNA-AStar,trapped,1,0.0,,,,,,1.9135999609716237
la_trinidad_mini_000001_RI5,RI5,NNA-AStar,trapped,1,0.0,,,,,,0.971500005107373
la_trinidad_mini_000002_RI1,RI1,NNA-AStar,,0,1.0,20.765359181795255,2484.2507984863123,5396.844549630392,34.0,7061.296540628576,3.19129996933043
la_trinidad_mini_000002_RI2,RI2,NNA-AStar,,1,1.0,24.10615790329996,2490.585920848896,5857.775294358357,51.0,7918.883409305803,3.783099993597716
la_trinidad_mini_000002_RI3,RI3,NNA-AStar,trapped,1,0.0,,,,,,2.941099985036999
la_trinidad_mini_000002_RI4,RI4,NNA-AStar,trapped,1,0.0,,,,,,2.6499999803490937
la_trinidad_mini_000002_RI5,RI5,NNA-AStar,trapped,1,0.0,,,,,,2.7537000132724643
la_trinidad_mini_000003_RI1,RI1,NNA-AStar,,0,1.0,19.08843636410799,2762.070043369555,5714.572600910875,34.0,6114.278790675318,2.3387999972328544
la_trinidad_mini_000003_RI2,RI2,NNA-AStar,trapped,1,0.0,,,,,,2.0213000243529677
la_trinidad_mini_000003_RI3,RI3,NNA-AStar,trapped,1,0.0,,,,,,1.5575000434182584
la_trinidad_mini_000003_RI4,RI4,NNA-AStar,trapped,1,0.0,,,,,,0.8054000209085643
la_trinidad_mini_000003_RI5,RI5,NNA-AStar,trapped,1,0.0,,,,,,0.7773999823257327
la_trinidad_mini_000004_RI1,RI1,NNA-AStar,,0,1.0,28.122238274457978,3977.5449425425277,8858.085675378588,36.0,8788.409151305956,4.628100025001913
la_trinidad_mini_000004_RI2,RI2,NNA-AStar,,1,1.0,43.80543348799129,5616.576791453914,12691.170464268536,53.0,13366.85983746181,5.6522999657318
la_trinidad_mini_000004_RI3,RI3,NNA-AStar,trapped,1,0.0,,,,,,1.6581000527366996
la_trinidad_mini_000004_RI4,RI4,NNA-AStar,trapped,1,0.0,,,,,,1.7121999990195036
la_trinidad_mini_000004_RI5,RI5,NNA-AStar,trapped,1,0.0,,,,,,1.7011999734677374
la_trinidad_mini_000005_RI1,RI1,NNA-AStar,,0,1.0,32.134974282217186,5043.154026469255,10803.183644184759,42.0,9701.8460905497,4.538800043519586
la_trinidad_mini_000005_RI2,RI2,NNA-AStar,trapped,1,0.0,,,,,,1.8458000267855823
la_trinidad_mini_000005_RI3,RI3,NNA-AStar,trapped,1,0.0,,,,,,1.8517000135034323
la_trinidad_mini_000005_RI4,RI4,NNA-AStar,trapped,1,0.0,,,,,,1.867300015874207
la_trinidad_mini_000005_RI5,RI5,NNA-AStar,trapped,1,0.0,,,,,,1.7069000168703496
la_trinidad_mini_000006_RI1,RI1,NNA-AStar,,0,1.0,29.818962127772398,3917.686319966407,8514.127150884353,57.0,9757.848624610851,5.081300041638315
la_trinidad_mini_000006_RI2,RI2,NNA-AStar,,1,1.0,41.17625418730651,5157.852132115425,11409.37006184224,64.0,12824.629353366809,5.024799960665405
la_trinidad_mini_000006_RI3,RI3,NNA-AStar,trapped,1,0.0,,,,,,3.0923999729566276
la_trinidad_mini_000006_RI4,RI4,NNA-AStar,trapped,1,0.0,,,,,,1.8038999987766147
la_trinidad_mini_000006_RI5,RI5,NNA-AStar,trapped,1,0.0,,,,,,1.4093999634496868
la_trinidad_mini_000007_RI1,RI1,NNA-AStar,,0,1.0,39.55993818490169,5212.502439401706,11718.03768355974,49.0,12734.152105123925,4.150299995671958
la_trinidad_mini_000007_RI2,RI2,NNA-AStar,,1,1.0,51.35016251364155,6452.668251550724,14613.280594517628,56.0,15800.932833879882,4.2792000458575785
la_trinidad_mini_000007_RI3,RI3,NNA-AStar,trapped,1,0.0,,,,,,3.1577000045217574
la_trinidad_mini_000007_RI4,RI4,NNA-AStar,trapped,1,0.0,,,,,,3.0472000362351537
la_trinidad_mini_000007_RI5,RI5,NNA-AStar,trapped,1,0.0,,,,,,1.0710000060498714
la_trinidad_mini_000008_RI1,RI1,NNA-AStar,,0,1.0,18.631926469165677,2205.373897823166,4963.605682273958,40.0,6275.2025993708885,2.630000002682209
la_trinidad_mini_000008_RI2,RI2,NNA-AStar,,0,1.0,19.460012090017486,2205.373897823166,4963.605682273958,40.0,6275.2025993708885,2.7724000392481685
la_trinidad_mini_000008_RI3,RI3,NNA-AStar,trapped,1,0.0,,,,,,2.311800024472177
la_trinidad_mini_000008_RI4,RI4,NNA-AStar,trapped,1,0.0,,,,,,2.5932000135071576
la_trinidad_mini_000008_RI5,RI5,NNA-AStar,trapped,1,0.0,,,,,,1.5580999897792935
la_trinidad_mini_000009_RI1,RI1,NNA-AStar,,0,1.0,30.94866396093654,4315.511379614062,9207.40101369736,62.0,9942.171554791494,2.8325000312179327
la_trinidad_mini_000009_RI2,RI2,NNA-AStar,trapped,1,0.0,,,,,,1.7274999991059303
la_trinidad_mini_000009_RI3,RI3,NNA-AStar,trapped,1,0.0,,,,,,1.7207000055350363
la_trinidad_mini_000009_RI4,RI4,NNA-AStar,trapped,1,0.0,,,,,,0.8129000198096037
la_trinidad_mini_000009_RI5,RI5,NNA-AStar,trapped,1,0.0,,,,,,0.818000000435859
la_trinidad_mini_000010_RI1,RI1,NNA-AStar,,0,1.0,27.622945161079542,3241.2009523859883,7318.443275978735,53.0,9323.562587718015,2.9891000012867153
la_trinidad_mini_000010_RI2,RI2,NNA-AStar,,0,1.0,28.850631612683078,3241.2009523859883,7318.443275978735,53.0,9323.562587718015,3.24480002745986
la_trinidad_mini_000010_RI3,RI3,NNA-AStar,trapped,1,0.0,,,,,,2.710999979171902
la_trinidad_mini_000010_RI4,RI4,NNA-AStar,trapped,1,0.0,,,,,,1.2630000128410757
la_trinidad_mini_000010_RI5,RI5,NNA-AStar,trapped,1,0.0,,,,,,0.964400009252131
la_trinidad_mini_000011_RI1,RI1,NNA-AStar,,0,1.0,27.035537001762112,3539.7202663332673,7809.422834446564,47.0,8801.990973604912,3.9327999693341553
la_trinidad_mini_000011_RI2,RI2,NNA-AStar,,1,1.0,37.01485136023943,4026.8851940765494,9332.666585097493,78.0,11990.349819558996,4.429000022355467
la_trinidad_mini_000011_RI3,RI3,NNA-AStar,trapped,1,0.0,,,,,,1.1083000572398305
la_trinidad_mini_000011_RI4,RI4,NNA-AStar,trapped,1,0.0,,,,,,1.026500016450882
la_trinidad_mini_000011_RI5,RI5,NNA-AStar,trapped,1,0.0,,,,,,1.0688999900594354
la_trinidad_mini_000012_RI1,RI1,NNA-AStar,,0,1.0,18.14157048865695,2271.238755421027,5006.349824912839,44.0,6023.363217212345,2.2120000212453306
la_trinidad_mini_000012_RI2,RI2,NNA-AStar,trapped,1,0.0,,,,,,2.2882000193931162
la_trinidad_mini_000012_RI3,RI3,NNA-AStar,trapped,1,0.0,,,,,,1.1993999942205846
la_trinidad_mini_000012_RI4,RI4,NNA-AStar,trapped,1,0.0,,,,,,1.04310002643615
la_trinidad_mini_000012_RI5,RI5,NNA-AStar,trapped,1,0.0,,,,,,1.0663000284694135
la_trinidad_mini_000013_RI1,RI1,NNA-AStar,,0,1.0,14.96456372319342,1881.834872028003,3933.365082625906,26.0,5066.662408587955,2.034100005403161
la_trinidad_mini_000013_RI2,RI2,NNA-AStar,,1,1.0,22.59694449934567,2218.593526575918,5080.593150288419,55.0,7628.328449561342,2.4545000051148236
la_trinidad_mini_000013_RI3,RI3,NNA-AStar,trapped,1,0.0,,,,,,2.1071999799460173
la_trinidad_mini_000013_RI4,RI4,NNA-AStar,trapped,1,0.0,,,,,,0.6412999937310815
la_trinidad_mini_000013_RI5,RI5,NNA-AStar,trapped,1,0.0,,,,,,0.6891999510116875
la_trinidad_mini_000014_RI1,RI1,NNA-AStar,,0,1.0,11.348407889229716,1208.513778691593,2919.4020107751603,28.0,3874.050702550386,1.9235999789088964
la_trinidad_mini_000014_RI2,RI2,NNA-AStar,,0,1.0,11.85278157319548,1208.513778691593,2919.4020107751603,28.0,3874.050702550386,1.8730000010691583
la_trinidad_mini_000014_RI3,RI3,NNA-AStar,trapped,1,0.0,,,,,,1.8262999947182834
la_trinidad_mini_000014_RI4,RI4,NNA-AStar,trapped,1,0.0,,,,,,1.8535000272095203
la_trinidad_mini_000014_RI5,RI5,NNA-AStar,trapped,1,0.0,,,,,,1.6750999493524432
la_trinidad_mini_000015_RI1,RI1,NNA-AStar,,0,1.0,20.910287824857537,2778.952039343874,6250.77046745509,43.0,6702.450043955498,1.7155999667011201
la_trinidad_mini_000015_RI2,RI2,NNA-AStar,,0,1.0,21.839633950406764,2778.952039343874,6250.77046745509,43.0,6702.450043955498,1.721500011626631
la_trinidad_mini_000015_RI3,RI3,NNA-AStar,trapped,1,0.0,,,,,,1.6436000005342066
la_trinidad_mini_000015_RI4,RI4,NNA-AStar,trapped,1,0.0,,,,,,0.5329999839887023
la_trinidad_mini_000015_RI5,RI5,NNA-AStar,trapped,1,0.0,,,,,,0.5493999924510717
la_trinidad_mini_000016_RI1,RI1,NNA-AStar,,0,1.0,45.548647035278904,5735.982525010101,13012.436889020464,78.0,14901.645662070852,3.875700000207871
la_trinidad_mini_000016_RI2,RI2,NNA-AStar,,1,1.0,62.0063493048487,7375.014373921488,16845.521677910412,95.0,19480.096348226707,4.476499976590276
la_trinidad_mini_000016_RI3,RI3,NNA-AStar,trapped,1,0.0,,,,,,3.4883999614976346
la_trinidad_mini_000016_RI4,RI4,NNA-AStar,trapped,1,0.0,,,,,,1.2508999789133668
la_trinidad_mini_000016_RI5,RI5,NNA-AStar,trapped,1,0.0,,,,,,1.137399987783283
la_trinidad_mini_000017_RI1,RI1,NNA-AStar,,0,1.0,12.673120833243063,1420.0184836484234,3336.697144203776,30.0,4288.0182195223515,2.2349999635480344
la_trinidad_mini_000017_RI2,RI2,NNA-AStar,,0,1.0,13.236370648053866,1420.0184836484234,3336.697144203776,30.0,4288.0182195223515,2.146199985872954
la_trinidad_mini_000017_RI3,RI3,NNA-AStar,trapped,1,0.0,,,,,,2.147699997294694
la_trinidad_mini_000017_RI4,RI4,NNA-AStar,trapped,1,0.0,,,,,,2.1029000054113567
la_trinidad_mini_000017_RI5,RI5,NNA-AStar,trapped,1,0.0,,,,,,1.212799979839474
la_trinidad_mini_000018_RI1,RI1,NNA-AStar,,0,1.0,28.967640947060055,3418.429432860556,7662.115497439018,57.0,9783.733496398718,2.7960999868810177
la_trinidad_mini_000018_RI2,RI2,NNA-AStar,,1,1.0,39.03282659199506,3905.5943606038377,9185.35924808995,88.0,12972.092342352802,3.4195000189356506
la_trinidad_mini_000018_RI3,RI3,NNA-AStar,trapped,1,0.0,,,,,,2.225700009148568
la_trinidad_mini_000018_RI4,RI4,NNA-AStar,trapped,1,0.0,,,,,,2.2267000167630613
la_trinidad_mini_000018_RI5,RI5,NNA-AStar,trapped,1,0.0,,,,,,0.9491000091657043
la_trinidad_mini_000019_RI1,RI1,NNA-AStar,,0,1.0,37.94566594475452,5792.837624837921,12600.081173986122,41.0,11534.422407041566,3.9230999536812305
la_trinidad_mini_000019_RI2,RI2,NNA-AStar,trapped,1,0.0,,,,,,1.4980999985709786
la_trinidad_mini_000019_RI3,RI3,NNA-AStar,trapped,1,0.0,,,,,,1.5628999681212008
la_trinidad_mini_000019_RI4,RI4,NNA-AStar,trapped,1,0.0,,,,,,1.839199976529926
la_trinidad_mini_000019_RI5,RI5,NNA-AStar,trapped,1,0.0,,,,,,1.25039997510612
la_trinidad_mini_000000_RI1,RI1,NNA-Dijkstra-Blind,,0,1.0,22.815322443125797,3056.361029029746,6320.264554127953,46.0,7563.069271205148,6.210299965459853
la_trinidad_mini_000000_RI2,RI2,NNA-Dijkstra-Blind,blocked,0,0.0,,,,,,5.465299997013062
la_trinidad_mini_000000_RI3,RI3,NNA-Dijkstra-Blind,blocked,0,0.0,,,,,,4.701400001067668
la_trinidad_mini_000000_RI4,RI4,NNA-Dijkstra-Blind,blocked,0,0.0,,,,,,4.6181000070646405
la_trinidad_mini_000000_RI5,RI5,NNA-Dijkstra-Blind,blocked,0,0.0,,,,,,1.6007000231184065
la_trinidad_mini_000001_RI1,RI1,NNA-Dijkstra-Blind,,0,1.0,27.83222832961387,3278.952471300338,7271.955011319966,48.0,9445.169809258536,5.686199991032481
la_trinidad_mini_000001_RI2,RI2,NNA-Dijkstra-Blind,blocked,0,0.0,,,,,,4.933000018354505
la_trinidad_mini_000001_RI3,RI3,NNA-Dijkstra-Blind,blocked,0,0.0,,,,,,3.979399974923581
la_trinidad_mini_000001_RI4,RI4,NNA-Dijkstra-Blind,blocked,0,0.0,,,,,,2.051800023764372
la_trinidad_mini_000001_RI5,RI5,NNA-Dijkstra-Blind,blocked,0,0.0,,,,,,0.965300016105175
la_trinidad_mini_000002_RI1,RI1,NNA-Dijkstra-Blind,,0,1.0,20.765359181795255,2484.2507984863123,5396.844549630392,34.0,7061.296540628576,3.5454999888315797
la_trinidad_mini_000002_RI2,RI2,NNA-Dijkstra-Blind,blocked,0,0.0,,,,,,2.7558000292629004
la_trinidad_mini_000002_RI3,RI3,NNA-Dijkstra-Blind,blocked,0,0.0,,,,,,2.630799950566143
la_trinidad_mini_000002_RI4,RI4,NNA-Dijkstra-Blind,blocked,0,0.0,,,,,,2.502000017557293
la_trinidad_mini_000002_RI5,RI5,NNA-Dijkstra-Blind,blocked,0,0.0,,,,,,2.4209999828599393
la_trinidad_mini_000003_RI1,RI1,NNA-Dijkstra-Blind,,0,1.0,19.08843636410799,2762.070043369555,5714.572600910875,34.0,6114.278790675318,1.8134000129066408
la_trinidad_mini_000003_RI2,RI2,NNA-Dijkstra-Blind,blocked,0,0.0,,,,,,1.4424999826587737
la_trinidad_mini_000003_RI3,RI3,NNA-Dijkstra-Blind,blocked,0,0.0,,,,,,1.1282000341452658
la_trinidad_mini_000003_RI4,RI4,NNA-Dijkstra-Blind,blocked,0,0.0,,,,,,0.6380000268109143
la_trinidad_mini_000003_RI5,RI5,NNA-Dijkstra-Blind,blocked,0,0.0,,,,,,0.5644999910145998
la_trinidad_mini_000004_RI1,RI1,NNA-Dijkstra-Blind,,0,1.0,28.122238274457978,3977.5449425425277,8858.085675378588,36.0,8788.409151305956,3.7720000254921615
la_trinidad_mini_000004_RI2,RI2,NNA-Dijkstra-Blind,blocked,0,0.0,,,,,,4.209800041280687
la_trinidad_mini_000004_RI3,RI3,NNA-Dijkstra-Blind,blocked,0,0.0,,,,,,1.1910999892279506
la_trinidad_mini_000004_RI4,RI4,NNA-Dijkstra-Blind,blocked,0,0.0,,,,,,1.1505000293254852
la_trinidad_mini_000004_RI5,RI5,NNA-Dijkstra-Blind,blocked,0,0.0,,,,,,1.2039000284858048
la_trinidad_mini_000005_RI1,RI1,NNA-Dijkstra-Blind,,0,1.0,32.134974282217186,5043.154026469255,10803.183644184759,42.0,9701.8460905497,3.657699970062822
la_trinidad_mini_000005_RI2,RI2,NNA-Dijkstra-Blind,blocked,0,0.0,,,,,,1.1296000448055565
la_trinidad_mini_000005_RI3,RI3,NNA-Dijkstra-Blind,blocked,0,0.0,,,,,,1.1293000425212085
la_trinidad_mini_000005_RI4,RI4,NNA-Dijkstra-Blind,blocked,0,0.0,,,,,,1.1143999872729182
la_trinidad_mini_000005_RI5,RI5,NNA-Dijkstra-Blind,blocked,0,0.0,,,,,,1.080299960449338
la_trinidad_mini_000006_RI1,RI1,NNA-Dijkstra-Blind,,0,1.0,29.818962127772398,3917.686319966407,8514.127150884353,57.0,9757.848624610851,5.147000018041581
la_trinidad_mini_000006_RI2,RI2,NNA-Dijkstra-Blind,blocked,0,0.0,,,,,,3.529299981892109
la_trinidad_mini_000006_RI3,RI3,NNA-Dijkstra-Blind,blocked,0,0.0,,,,,,2.0045999553985894
la_trinidad_mini_000006_RI4,RI4,NNA-Dijkstra-Blind,blocked,0,0.0,,,,,,1.0813000262714922
la_trinidad_mini_000006_RI5,RI5,NNA-Dijkstra-Blind,blocked,0,0.0,,,,,,0.9819000260904431
la_trinidad_mini_000007_RI1,RI1,NNA-Dijkstra-Blind,,0,1.0,39.55993818490169,5212.502439401706,11718.03768355974,49.0,12734.152105123925,4.069100017659366
la_trinidad_mini_000007_RI2,RI2,NNA-Dijkstra-Blind,blocked,0,0.0,,,,,,3.791299997828901
la_trinidad_mini_000007_RI3,RI3,NNA-Dijkstra-Blind,blocked,0,0.0,,,,,,2.99140001880005
la_trinidad_mini_000007_RI4,RI4,NNA-Dijkstra-Blind,blocked,0,0.0,,,,,,3.2255000551231205
la_trinidad_mini_000007_RI5,RI5,NNA-Dijkstra-Blind,blocked,0,0.0,,,,,,1.1988000478595495
la_trinidad_mini_000008_RI1,RI1,NNA-Dijkstra-Blind,,0,1.0,18.631926469165677,2205.373897823166,4963.605682273958,40.0,6275.2025993708885,3.2676999690011144
la_trinidad_mini_000008_RI2,RI2,NNA-Dijkstra-Blind,,0,1.0,19.460012090017486,2205.373897823166,4963.605682273958,40.0,6275.2025993708885,3.2469999860040843
la_trinidad_mini_000008_RI3,RI3,NNA-Dijkstra-Blind,blocked,0,0.0,,,,,,2.3642000160180032
la_trinidad_mini_000008_RI4,RI4,NNA-Dijkstra-Blind,blocked,0,0.0,,,,,,2.3407000117003918
la_trinidad_mini_000008_RI5,RI5,NNA-Dijkstra-Blind,blocked,0,0.0,,,,,,1.5217000036500394
la_trinidad_mini_000009_RI1,RI1,NNA-Dijkstra-Blind,,0,1.0,30.94866396093654,4315.511379614062,9207.40101369736,62.0,9942.171554791494,3.705599985551089
la_trinidad_mini_000009_RI2,RI2,NNA-Dijkstra-Blind,blocked,0,0.0,,,,,,2.1157999872229993
la_trinidad_mini_000009_RI3,RI3,NNA-Dijkstra-Blind,blocked,0,0.0,,,,,,2.0430999575182796
la_trinidad_mini_000009_RI4,RI4,NNA-Dijkstra-Blind,blocked,0,0.0,,,,,,1.0869999532587826
la_trinidad_mini_000009_RI5,RI5,NNA-Dijkstra-Blind,blocked,0,0.0,,,,,,1.0833999840542674
la_trinidad_mini_000010_RI1,RI1,NNA-Dijkstra-Blind,,0,1.0,27.622945161079542,3241.2009523859883,7318.443275978735,53.0,9323.562587718015,3.569599997717887
la_trinidad_mini_000010_RI2,RI2,NNA-Dijkstra-Blind,,0,1.0,28.850631612683078,3241.2009523859883,7318.443275978735,53.0,9323.562587718015,3.4706000005826354
la_trinidad_mini_000010_RI3,RI3,NNA-Dijkstra-Blind,blocked,0,0.0,,,,,,2.909799979534
la_trinidad_mini_000010_RI4,RI4,NNA-Dijkstra-Blind,blocked,0,0.0,,,,,,1.0526999831199646
la_trinidad_mini_000010_RI5,RI5,NNA-Dijkstra-Blind,blocked,0,0.0,,,,,,1.0498999617993832
la_trinidad_mini_000011_RI1,RI1,NNA-Dijkstra-Blind,,0,1.0,27.035537001762112,3539.7202663332673,7809.422834446564,47.0,8801.990973604912,4.058599995914847
la_trinidad_mini_000011_RI2,RI2,NNA-Dijkstra-Blind,blocked,0,0.0,,,,,,3.977899963501841
la_trinidad_mini_000011_RI3,RI3,NNA-Dijkstra-Blind,blocked,0,0.0,,,,,,1.2443999876268208
la_trinidad_mini_000011_RI4,RI4,NNA-Dijkstra-Blind,blocked,0,0.0,,,,,,1.2620000052265823
la_trinidad_mini_000011_RI5,RI5,NNA-Dijkstra-Blind,blocked,0,0.0,,,,,,1.2243999517522752
la_trinidad_mini_000012_RI1,RI1,NNA-Dijkstra-Blind,,0,1.0,18.14157048865695,2271.238755421027,5006.349824912839,44.0,6023.363217212345,2.6017000200226903
la_trinidad_mini_000012_RI2,RI2,NNA-Dijkstra-Blind,blocked,0,0.0,,,,,,2.6285999920219183
la_trinidad_mini_000012_RI3,RI3,NNA-Dijkstra-Blind,blocked,0,0.0,,,,,,1.2097000144422054
la_trinidad_mini_000012_RI4,RI4,NNA-Dijkstra-Blind,blocked,0,0.0,,,,,,1.181500032544136
la_trinidad_mini_000012_RI5,RI5,NNA-Dijkstra-Blind,blocked,0,0.0,,,,,,1.1738999746739864
la_trinidad_mini_000013_RI1,RI1,NNA-Dijkstra-Blind,,0,1.0,14.96456372319342,1881.834872028003,3933.365082625906,26.0,5066.662408587955,2.181700023356825
la_trinidad_mini_000013_RI2,RI2,NNA-Dijkstra-Blind,blocked,0,0.0,,,,,,2.149399952031672
la_trinidad_mini_000013_RI3,RI3,NNA-Dijkstra-Blind,blocked,0,0.0,,,,,,2.0935999928042293
la_trinidad_mini_000013_RI4,RI4,NNA-Dijkstra-Blind,blocked,0,0.0,,,,,,0.5991000216454268
la_trinidad_mini_000013_RI5,RI5,NNA-Dijkstra-Blind,blocked,0,0.0,,,,,,0.5767999682575464
la_trinidad_mini_000014_RI1,RI1,NNA-Dijkstra-Blind,,0,1.0,11.348407889229716,1208.513778691593,2919.4020107751603,28.0,3874.050702550386,3.341200004797429
la_trinidad_mini_000014_RI2,RI2,NNA-Dijkstra-Blind,,0,1.0,11.85278157319548,1208.513778691593,2919.4020107751603,28.0,3874.050702550386,3.223299980163574
la_trinidad_mini_000014_RI3,RI3,NNA-Dijkstra-Blind,blocked,0,0.0,,,,,,2.9338999884203076
la_trinidad_mini_000014_RI4,RI4,NNA-Dijkstra-Blind,blocked,0,0.0,,,,,,2.9460000223480165
la_trinidad_mini_000014_RI5,RI5,NNA-Dijkstra-Blind,blocked,0,0.0,,,,,,2.6958000380545855
la_trinidad_mini_000015_RI1,RI1,NNA-Dijkstra-Blind,,0,1.0,20.910287824857537,2778.952039343874,6250.77046745509,43.0,6702.450043955498,2.0579000120051205
la_trinidad_mini_000015_RI2,RI2,NNA-Dijkstra-Blind,,0,1.0,21.839633950406764,2778.952039343874,6250.77046745509,43.0,6702.450043955498,2.178099995944649
la_trinidad_mini_000015_RI3,RI3,NNA-Dijkstra-Blind,blocked,0,0.0,,,,,,2.047399990260601
la_trinidad_mini_000015_RI4,RI4,NNA-Dijkstra-Blind,blocked,0,0.0,,,,,,0.6837000255472958
la_trinidad_mini_000015_RI5,RI5,NNA-Dijkstra-Blind,blocked,0,0.0,,,,,,0.7511000148952007
la_trinidad_mini_000016_RI1,RI1,NNA-Dijkstra-Blind,,0,1.0,45.548647035278904,5735.982525010101,13012.436889020464,78.0,14901.645662070852,5.434899998363107
la_trinidad_mini_000016_RI2,RI2,NNA-Dijkstra-Blind,blocked,0,0.0,,,,,,4.929899994749576
la_trinidad_mini_000016_RI3,RI3,NNA-Dijkstra-Blind,blocked,0,0.0,,,,,,4.166400001849979
la_trinidad_mini_000016_RI4,RI4,NNA-Dijkstra-Blind,blocked,0,0.0,,,,,,1.4872999745421112
la_trinidad_mini_000016_RI5,RI5,NNA-Dijkstra-Blind,blocked,0,0.0,,,,,,1.386999967508018
la_trinidad_mini_000017_RI1,RI1,NNA-Dijkstra-Blind,,0,1.0,12.673120833243063,1420.0184836484234,3336.697144203776,30.0,4288.0182195223515,3.042199998162687
la_trinidad_mini_000017_RI2,RI2,NNA-Dijkstra-Blind,,0,1.0,13.236370648053866,1420.0184836484234,3336.697144203776,30.0,4288.0182195223515,2.564299968071282
la_trinidad_mini_000017_RI3,RI3,NNA-Dijkstra-Blind,blocked,0,0.0,,,,,,2.5812999811023474
la_trinidad_mini_000017_RI4,RI4,NNA-Dijkstra-Blind,blocked,0,0.0,,,,,,2.5858000153675675
la_trinidad_mini_000017_RI5,RI5,NNA-Dijkstra-Blind,blocked,0,0.0,,,,,,1.7145000165328383
la_trinidad_mini_000018_RI1,RI1,NNA-Dijkstra-Blind,,0,1.0,28.967640947060055,3418.429432860556,7662.115497439018,57.0,9783.733496398718,4.086499975528568
la_trinidad_mini_000018_RI2,RI2,NNA-Dijkstra-Blind,blocked,0,0.0,,,,,,4.465300007723272
la_trinidad_mini_000018_RI3,RI3,NNA-Dijkstra-Blind,blocked,0,0.0,,,,,,2.878700033761561
la_trinidad_mini_000018_RI4,RI4,NNA-Dijkstra-Blind,blocked,0,0.0,,,,,,3.2681000302545726
la_trinidad_mini_000018_RI5,RI5,NNA-Dijkstra-Blind,blocked,0,0.0,,,,,,0.9883999591693282
la_trinidad_mini_000019_RI1,RI1,NNA-Dijkstra-Blind,,0,1.0,37.94566594475452,5792.837624837921,12600.081173986122,41.0,11534.422407041566,3.8819999899715185
la_trinidad_mini_000019_RI2,RI2,NNA-Dijkstra-Blind,blocked,0,0.0,,,,,,1.722100016195327
la_trinidad_mini_000019_RI3,RI3,NNA-Dijkstra-Blind,blocked,0,0.0,,,,,,1.9268000032752752
la_trinidad_mini_000019_RI4,RI4,NNA-Dijkstra-Blind,blocked,0,0.0,,,,,,1.7605000175535679
la_trinidad_mini_000019_RI5,RI5,NNA-Dijkstra-Blind,blocked,0,0.0,,,,,,1.6567000420764089
la_trinidad_mini_000000_RI1,RI1,NNA-Dijkstra-HA-Blind,,0,1.0,22.815322443125797,3056.361029029746,6320.264554127953,46.0,7563.069271205148,4.573900019749999
la_trinidad_mini_000000_RI2,RI2,NNA-Dijkstra-HA-Blind,blocked,0,0.0,,,,,,4.193900036625564
la_trinidad_mini_000000_RI3,RI3,NNA-Dijkstra-HA-Blind,blocked,0,0.0,,,,,,3.264400002080947
la_trinidad_mini_000000_RI4,RI4,NNA-Dijkstra-HA-Blind,blocked,0,0.0,,,,,,3.188700007740408
la_trinidad_mini_000000_RI5,RI5,NNA-Dijkstra-HA-Blind,blocked,0,0.0,,,,,,1.1410999577492476
la_trinidad_mini_000001_RI1,RI1,NNA-Dijkstra-HA-Blind,,0,1.0,27.83222832961387,3278.952471300338,7271.955011319966,48.0,9445.169809258536,3.3257000031881034
la_trinidad_mini_000001_RI2,RI2,NNA-Dijkstra-HA-Blind,blocked,0,0.0,,,,,,3.41659999685362
la_trinidad_mini_000001_RI3,RI3,NNA-Dijkstra-HA-Blind,blocked,0,0.0,,,,,,2.855400030966848
la_trinidad_mini_000001_RI4,RI4,NNA-Dijkstra-HA-Blind,blocked,0,0.0,,,,,,2.093800052534789
la_trinidad_mini_000001_RI5,RI5,NNA-Dijkstra-HA-Blind,blocked,0,0.0,,,,,,0.8568000048398972
la_trinidad_mini_000002_RI1,RI1,NNA-Dijkstra-HA-Blind,,0,1.0,20.765359181795255,2484.2507984863123,5396.844549630392,34.0,7061.296540628576,3.8146000006236136
la_trinidad_mini_000002_RI2,RI2,NNA-Dijkstra-HA-Blind,blocked,0,0.0,,,,,,3.1307999743148685
la_trinidad_mini_000002_RI3,RI3,NNA-Dijkstra-HA-Blind,blocked,0,0.0,,,,,,3.2237000414170325
la_trinidad_mini_000002_RI4,RI4,NNA-Dijkstra-HA-Blind,blocked,0,0.0,,,,,,3.418999956920743
la_trinidad_mini_000002_RI5,RI5,NNA-Dijkstra-HA-Blind,blocked,0,0.0,,,,,,3.324999997857958
la_trinidad_mini_000003_RI1,RI1,NNA-Dijkstra-HA-Blind,,0,1.0,19.08843636410799,2762.070043369555,5714.572600910875,34.0,6114.278790675318,2.5181000237353146
la_trinidad_mini_000003_RI2,RI2,NNA-Dijkstra-HA-Blind,blocked,0,0.0,,,,,,1.976999978069216
la_trinidad_mini_000003_RI3,RI3,NNA-Dijkstra-HA-Blind,blocked,0,0.0,,,,,,1.4687000075355172
la_trinidad_mini_000003_RI4,RI4,NNA-Dijkstra-HA-Blind,blocked,0,0.0,,,,,,0.800000037997961
la_trinidad_mini_000003_RI5,RI5,NNA-Dijkstra-HA-Blind,blocked,0,0.0,,,,,,0.7711999933235347
la_trinidad_mini_000004_RI1,RI1,NNA-Dijkstra-HA-Blind,,0,1.0,28.122238274457978,3977.5449425425277,8858.085675378588,36.0,8788.409151305956,5.215000011958182
la_trinidad_mini_000004_RI2,RI2,NNA-Dijkstra-HA-Blind,blocked,0,0.0,,,,,,5.537300021387637
la_trinidad_mini_000004_RI3,RI3,NNA-Dijkstra-HA-Blind,blocked,0,0.0,,,,,,1.4951999764889479
la_trinidad_mini_000004_RI4,RI4,NNA-Dijkstra-HA-Blind,blocked,0,0.0,,,,,,1.428099989425391
la_trinidad_mini_000004_RI5,RI5,NNA-Dijkstra-HA-Blind,blocked,0,0.0,,,,,,1.4008000143803656
la_trinidad_mini_000005_RI1,RI1,NNA-Dijkstra-HA-Blind,,0,1.0,32.134974282217186,5043.154026469255,10803.183644184759,42.0,9701.8460905497,4.0957999881356955
la_trinidad_mini_000005_RI2,RI2,NNA-Dijkstra-HA-Blind,blocked,0,0.0,,,,,,1.2725999695248902
la_trinidad_mini_000005_RI3,RI3,NNA-Dijkstra-HA-Blind,blocked,0,0.0,,,,,,1.2789000174961984
la_trinidad_mini_000005_RI4,RI4,NNA-Dijkstra-HA-Blind,blocked,0,0.0,,,,,,1.3407999649643898
la_trinidad_mini_000005_RI5,RI5,NNA-Dijkstra-HA-Blind,blocked,0,0.0,,,,,,1.2469000066630542
la_trinidad_mini_000006_RI1,RI1,NNA-Dijkstra-HA-Blind,,0,1.0,29.176467857528195,3384.292457195018,7537.42096805487,58.0,9944.229409010815,4.168200015556067
la_trinidad_mini_000006_RI2,RI2,NNA-Dijkstra-HA-Blind,,0,1.0,30.473199762307225,3384.292457195018,7537.42096805487,58.0,9944.229409010815,4.384999978356063
la_trinidad_mini_000006_RI3,RI3,NNA-Dijkstra-HA-Blind,blocked,0,0.0,,,,,,2.657800039742142
la_trinidad_mini_000006_RI4,RI4,NNA-Dijkstra-HA-Blind,blocked,0,0.0,,,,,,1.3640999677591026
la_trinidad_mini_000006_RI5,RI5,NNA-Dijkstra-HA-Blind,blocked,0,0.0,,,,,,1.2808999745175242
la_trinidad_mini_000007_RI1,RI1,NNA-Dijkstra-HA-Blind,,0,1.0,38.916162541773346,4572.336176698129,10577.955607701831,52.0,13001.618590782557,5.410999990999699
la_trinidad_mini_000007_RI2,RI2,NNA-Dijkstra-HA-Blind,,0,1.0,40.645769765852165,4572.336176698129,10577.955607701831,52.0,13001.618590782557,5.85680000949651
la_trinidad_mini_000007_RI3,RI3,NNA-Dijkstra-HA-Blind,blocked,0,0.0,,,,,,8.232699998188764
la_trinidad_mini_000007_RI4,RI4,NNA-Dijkstra-HA-Blind,blocked,0,0.0,,,,,,4.401600046548992
la_trinidad_mini_000007_RI5,RI5,NNA-Dijkstra-HA-Blind,blocked,0,0.0,,,,,,2.801799972075969
la_trinidad_mini_000008_RI1,RI1,NNA-Dijkstra-HA-Blind,,0,1.0,18.631926469165677,2205.373897823166,4963.605682273958,40.0,6275.2025993708885,7.7686000149697065
la_trinidad_mini_000008_RI2,RI2,NNA-Dijkstra-HA-Blind,,0,1.0,19.460012090017486,2205.373897823166,4963.605682273958,40.0,6275.2025993708885,8.13860003836453
la_trinidad_mini_000008_RI3,RI3,NNA-Dijkstra-HA-Blind,blocked,0,0.0,,,,,,3.1098000472411513
la_trinidad_mini_000008_RI4,RI4,NNA-Dijkstra-HA-Blind,blocked,0,0.0,,,,,,2.9814000008627772
la_trinidad_mini_000008_RI5,RI5,NNA-Dijkstra-HA-Blind,blocked,0,0.0,,,,,,1.943600014783442
la_trinidad_mini_000009_RI1,RI1,NNA-Dijkstra-HA-Blind,,0,1.0,30.94866396093654,4315.511379614062,9207.40101369736,62.0,9942.171554791494,4.321200016420335
la_trinidad_mini_000009_RI2,RI2,NNA-Dijkstra-HA-Blind,blocked,0,0.0,,,,,,2.3132000351324677
la_trinidad_mini_000009_RI3,RI3,NNA-Dijkstra-HA-Blind,blocked,0,0.0,,,,,,2.099699981044978
la_trinidad_mini_000009_RI4,RI4,NNA-Dijkstra-HA-Blind,blocked,0,0.0,,,,,,1.0754000395536423
la_trinidad_mini_000009_RI5,RI5,NNA-Dijkstra-HA-Blind,blocked,0,0.0,,,,,,0.9973000269383192
la_trinidad_mini_000010_RI1,RI1,NNA-Dijkstra-HA-Blind,,0,1.0,27.622945161079542,3241.2009523859883,7318.443275978735,53.0,9323.562587718015,3.436499973759055
la_trinidad_mini_000010_RI2,RI2,NNA-Dijkstra-HA-Blind,,0,1.0,28.850631612683078,3241.2009523859883,7318.443275978735,53.0,9323.562587718015,4.168900020886213
la_trinidad_mini_000010_RI3,RI3,NNA-Dijkstra-HA-Blind,blocked,0,0.0,,,,,,4.196800000499934
la_trinidad_mini_000010_RI4,RI4,NNA-Dijkstra-HA-Blind,blocked,0,0.0,,,,,,1.4062999980524182
la_trinidad_mini_000010_RI5,RI5,NNA-Dijkstra-HA-Blind,blocked,0,0.0,,,,,,1.345900003798306
la_trinidad_mini_000011_RI1,RI1,NNA-Dijkstra-HA-Blind,,0,1.0,27.035537001762112,3539.7202663332673,7809.422834446564,47.0,8801.990973604912,5.50699996529147
la_trinidad_mini_000011_RI2,RI2,NNA-Dijkstra-HA-Blind,blocked,0,0.0,,,,,,6.861499976366758
la_trinidad_mini_000011_RI3,RI3,NNA-Dijkstra-HA-Blind,blocked,0,0.0,,,,,,1.71409995527938
la_trinidad_mini_000011_RI4,RI4,NNA-Dijkstra-HA-Blind,blocked,0,0.0,,,,,,1.878199982456863
la_trinidad_mini_000011_RI5,RI5,NNA-Dijkstra-HA-Blind,blocked,0,0.0,,,,,,1.985599985346198
la_trinidad_mini_000012_RI1,RI1,NNA-Dijkstra-HA-Blind,,0,1.0,18.14157048865695,2271.238755421027,5006.349824912839,44.0,6023.363217212345,4.165399994235486
la_trinidad_mini_000012_RI2,RI2,NNA-Dijkstra-HA-Blind,blocked,0,0.0,,,,,,4.42260003183037
la_trinidad_mini_000012_RI3,RI3,NNA-Dijkstra-HA-Blind,blocked,0,0.0,,,,,,2.8170999721623957
la_trinidad_mini_000012_RI4,RI4,NNA-Dijkstra-HA-Blind,blocked,0,0.0,,,,,,2.091699978336692
la_trinidad_mini_000012_RI5,RI5,NNA-Dijkstra-HA-Blind,blocked,0,0.0,,,,,,2.192899992223829
la_trinidad_mini_000013_RI1,RI1,NNA-Dijkstra-HA-Blind,,0,1.0,14.96456372319342,1881.834872028003,3933.365082625906,26.0,5066.662408587955,3.6332999588921666
la_trinidad_mini_000013_RI2,RI2,NNA-Dijkstra-HA-Blind,blocked,0,0.0,,,,,,3.3574000117368996
la_trinidad_mini_000013_RI3,RI3,NNA-Dijkstra-HA-Blind,blocked,0,0.0,,,,,,3.2463000388816
la_trinidad_mini_000013_RI4,RI4,NNA-Dijkstra-HA-Blind,blocked,0,0.0,,,,,,0.8940999978221953
la_trinidad_mini_000013_RI5,RI5,NNA-Dijkstra-HA-Blind,blocked,0,0.0,,,,,,0.8373000309802592
la_trinidad_mini_000014_RI1,RI1,NNA-Dijkstra-HA-Blind,,0,1.0,11.348407889229716,1208.513778691593,2919.4020107751603,28.0,3874.050702550386,4.352699965238571
la_trinidad_mini_000014_RI2,RI2,NNA-Dijkstra-HA-Blind,,0,1.0,11.85278157319548,1208.513778691593,2919.4020107751603,28.0,3874.050702550386,4.45369997760281
la_trinidad_mini_000014_RI3,RI3,NNA-Dijkstra-HA-Blind,blocked,0,0.0,,,,,,3.802000021096319
la_trinidad_mini_000014_RI4,RI4,NNA-Dijkstra-HA-Blind,blocked,0,0.0,,,,,,3.486400004476309
la_trinidad_mini_000014_RI5,RI5,NNA-Dijkstra-HA-Blind,blocked,0,0.0,,,,,,2.795300038997084
la_trinidad_mini_000015_RI1,RI1,NNA-Dijkstra-HA-Blind,,0,1.0,20.910287824857537,2778.952039343874,6250.77046745509,43.0,6702.450043955498,2.182800031732768
la_trinidad_mini_000015_RI2,RI2,NNA-Dijkstra-HA-Blind,,0,1.0,21.839633950406764,2778.952039343874,6250.77046745509,43.0,6702.450043955498,2.1878000115975738
la_trinidad_mini_000015_RI3,RI3,NNA-Dijkstra-HA-Blind,blocked,0,0.0,,,,,,1.9662000122480094
la_trinidad_mini_000015_RI4,RI4,NNA-Dijkstra-HA-Blind,blocked,0,0.0,,,,,,0.6681999657303095
la_trinidad_mini_000015_RI5,RI5,NNA-Dijkstra-HA-Blind,blocked,0,0.0,,,,,,0.984199985396117
la_trinidad_mini_000016_RI1,RI1,NNA-Dijkstra-HA-Blind,,0,1.0,44.72408202977938,5013.767322419325,11462.427199447351,80.0,15289.104954272634,4.7963999677449465
la_trinidad_mini_000016_RI2,RI2,NNA-Dijkstra-HA-Blind,blocked,0,0.0,,,,,,4.906799993477762
la_trinidad_mini_000016_RI3,RI3,NNA-Dijkstra-HA-Blind,blocked,0,0.0,,,,,,4.354299977421761
la_trinidad_mini_000016_RI4,RI4,NNA-Dijkstra-HA-Blind,blocked,0,0.0,,,,,,1.6280999989248812
la_trinidad_mini_000016_RI5,RI5,NNA-Dijkstra-HA-Blind,blocked,0,0.0,,,,,,1.5223000082187355
la_trinidad_mini_000017_RI1,RI1,NNA-Dijkstra-HA-Blind,,0,1.0,12.673120833243063,1420.0184836484234,3336.697144203776,30.0,4288.0182195223515,2.7617000159807503
la_trinidad_mini_000017_RI2,RI2,NNA-Dijkstra-HA-Blind,,0,1.0,13.236370648053866,1420.0184836484234,3336.697144203776,30.0,4288.0182195223515,2.8921000193804502
la_trinidad_mini_000017_RI3,RI3,NNA-Dijkstra-HA-Blind,blocked,0,0.0,,,,,,3.2882000086829066
la_trinidad_mini_000017_RI4,RI4,NNA-Dijkstra-HA-Blind,blocked,0,0.0,,,,,,3.3715000026859343
la_trinidad_mini_000017_RI5,RI5,NNA-Dijkstra-HA-Blind,blocked,0,0.0,,,,,,2.025499998126179
la_trinidad_mini_000018_RI1,RI1,NNA-Dijkstra-HA-Blind,,0,1.0,28.967640947060055,3418.429432860556,7662.115497439018,57.0,9783.733496398718,5.2211000001989305
la_trinidad_mini_000018_RI2,RI2,NNA-Dijkstra-HA-Blind,blocked,0,0.0,,,,,,4.759399977046996
la_trinidad_mini_000018_RI3,RI3,NNA-Dijkstra-HA-Blind,blocked,0,0.0,,,,,,3.81059997016564
la_trinidad_mini_000018_RI4,RI4,NNA-Dijkstra-HA-Blind,blocked,0,0.0,,,,,,3.5811000270769
la_trinidad_mini_000018_RI5,RI5,NNA-Dijkstra-HA-Blind,blocked,0,0.0,,,,,,1.4699999592266977
la_trinidad_mini_000019_RI1,RI1,NNA-Dijkstra-HA-Blind,,0,1.0,37.94566594475452,5792.837624837921,12600.081173986122,41.0,11534.422407041566,5.231199960689992
la_trinidad_mini_000019_RI2,RI2,NNA-Dijkstra-HA-Blind,blocked,0,0.0,,,,,,2.4298999924212694
la_trinidad_mini_000019_RI3,RI3,NNA-Dijkstra-HA-Blind,blocked,0,0.0,,,,,,2.2852999973110855
la_trinidad_mini_000019_RI4,RI4,NNA-Dijkstra-HA-Blind,blocked,0,0.0,,,,,,2.2690999903716147
la_trinidad_mini_000019_RI5,RI5,NNA-Dijkstra-HA-Blind,blocked,0,0.0,,,,,,2.458200033288449
la_trinidad_mini_000000_RI1,RI1,NNA-Dijkstra-HA,,0,1.0,22.815322443125797,3056.361029029746,6320.264554127953,46.0,7563.069271205148,5.4573999950662255
la_trinidad_mini_000000_RI2,RI2,NNA-Dijkstra-HA,trapped,0,0.0,,,,,,5.006100051105022
la_trinidad_mini_000000_RI3,RI3,NNA-Dijkstra-HA,trapped,0,0.0,,,,,,1.7923999694176018
la_trinidad_mini_000000_RI4,RI4,NNA-Dijkstra-HA,trapped,0,0.0,,,,,,1.4124000445008278
la_trinidad_mini_000000_RI5,RI5,NNA-Dijkstra-HA,trapped,0,0.0,,,,,,0.14059996465221047
la_trinidad_mini_000001_RI1,RI1,NNA-Dijkstra-HA,,0,1.0,27.83222832961387,3278.952471300338,7271.955011319966,48.0,9445.169809258536,5.816599994432181
la_trinidad_mini_000001_RI2,RI2,NNA-Dijkstra-HA,,0,1.0,32.19670899527593,3330.8843287675745,7835.6729062376435,69.0,10570.682594755344,6.063500011805445
la_trinidad_mini_000001_RI3,RI3,NNA-Dijkstra-HA,trapped,0,0.0,,,,,,3.1455999705940485
la_trinidad_mini_000001_RI4,RI4,NNA-Dijkstra-HA,trapped,0,0.0,,,,,,1.8419999978505075
la_trinidad_mini_000001_RI5,RI5,NNA-Dijkstra-HA,trapped,0,0.0,,,,,,0.1002000062726438
la_trinidad_mini_000002_RI1,RI1,NNA-Dijkstra-HA,,0,1.0,20.765359181795255,2484.2507984863123,5396.844549630392,34.0,7061.296540628576,5.503399996086955
la_trinidad_mini_000002_RI2,RI2,NNA-Dijkstra-HA,,0,1.0,24.10615790329996,2490.585920848896,5857.775294358357,51.0,7918.883409305803,5.133000027853996
la_trinidad_mini_000002_RI3,RI3,NNA-Dijkstra-HA,trapped,0,0.0,,,,,,1.2304999982006848
la_trinidad_mini_000002_RI4,RI4,NNA-Dijkstra-HA,trapped,0,0.0,,,,,,0.34710002364590764
la_trinidad_mini_000002_RI5,RI5,NNA-Dijkstra-HA,trapped,0,0.0,,,,,,0.18720002844929695
la_trinidad_mini_000003_RI1,RI1,NNA-Dijkstra-HA,,0,1.0,19.08843636410799,2762.070043369555,5714.572600910875,34.0,6114.278790675318,3.2386999810114503
la_trinidad_mini_000003_RI2,RI2,NNA-Dijkstra-HA,trapped,0,0.0,,,,,,3.9022000273689628
la_trinidad_mini_000003_RI3,RI3,NNA-Dijkstra-HA,trapped,0,0.0,,,,,,0.769199978094548
la_trinidad_mini_000003_RI4,RI4,NNA-Dijkstra-HA,trapped,0,0.0,,,,,,0.24259998463094234
la_trinidad_mini_000003_RI5,RI5,NNA-Dijkstra-HA,trapped,0,0.0,,,,,,0.09759998647496104
la_trinidad_mini_000004_RI1,RI1,NNA-Dijkstra-HA,,0,1.0,28.122238274457978,3977.5449425425277,8858.085675378588,36.0,8788.409151305956,6.133899965789169
la_trinidad_mini_000004_RI2,RI2,NNA-Dijkstra-HA,,0,1.0,40.59504697650728,5266.624020101409,11816.288535887275,49.0,12359.626871484636,5.876199982594699
la_trinidad_mini_000004_RI3,RI3,NNA-Dijkstra-HA,trapped,0,0.0,,,,,,0.12689997674897313
la_trinidad_mini_000004_RI4,RI4,NNA-Dijkstra-HA,trapped,0,0.0,,,,,,0.10869995458051562
la_trinidad_mini_000004_RI5,RI5,NNA-Dijkstra-HA,trapped,0,0.0,,,,,,0.10259996633976698
la_trinidad_mini_000005_RI1,RI1,NNA-Dijkstra-HA,,0,1.0,32.134974282217186,5043.154026469255,10803.183644184759,42.0,9701.8460905497,5.526099994312972
la_trinidad_mini_000005_RI2,RI2,NNA-Dijkstra-HA,trapped,0,0.0,,,,,,4.362800042144954
la_trinidad_mini_000005_RI3,RI3,NNA-Dijkstra-HA,trapped,0,0.0,,,,,,0.6544999778270721
la_trinidad_mini_000005_RI4,RI4,NNA-Dijkstra-HA,trapped,0,0.0,,,,,,0.16830000095069408
la_trinidad_mini_000005_RI5,RI5,NNA-Dijkstra-HA,trapped,0,0.0,,,,,,0.052499992307275534
la_trinidad_mini_000006_RI1,RI1,NNA-Dijkstra-HA,,0,1.0,29.176467857528195,3384.292457195018,7537.42096805487,58.0,9944.229409010815,4.055699973832816
la_trinidad_mini_000006_RI2,RI2,NNA-Dijkstra-HA,,0,1.0,30.473199762307225,3384.292457195018,7537.42096805487,58.0,9944.229409010815,3.4965999657288194
la_trinidad_mini_000006_RI3,RI3,NNA-Dijkstra-HA,trapped,0,0.0,,,,,,0.5623000324703753
la_trinidad_mini_000006_RI4,RI4,NNA-Dijkstra-HA,trapped,0,0.0,,,,,,0.14889996964484453
la_trinidad_mini_000006_RI5,RI5,NNA-Dijkstra-HA,trapped,0,0.0,,,,,,0.041499966755509377
la_trinidad_mini_000007_RI1,RI1,NNA-Dijkstra-HA,,0,1.0,38.916162541773346,4572.336176698129,10577.955607701831,52.0,13001.618590782557,5.245100008323789
la_trinidad_mini_000007_RI2,RI2,NNA-Dijkstra-HA,,0,1.0,40.645769765852165,4572.336176698129,10577.955607701831,52.0,13001.618590782557,7.017800002358854
la_trinidad_mini_000007_RI3,RI3,NNA-Dijkstra-HA,trapped,0,0.0,,,,,,0.9886000188998878
la_trinidad_mini_000007_RI4,RI4,NNA-Dijkstra-HA,trapped,0,0.0,,,,,,0.547099974937737
la_trinidad_mini_000007_RI5,RI5,NNA-Dijkstra-HA,trapped,0,0.0,,,,,,0.05820003570988774
la_trinidad_mini_000008_RI1,RI1,NNA-Dijkstra-HA,,0,1.0,18.631926469165677,2205.373897823166,4963.605682273958,40.0,6275.2025993708885,3.8407999672926962
la_trinidad_mini_000008_RI2,RI2,NNA-Dijkstra-HA,,0,1.0,19.460012090017486,2205.373897823166,4963.605682273958,40.0,6275.2025993708885,3.515999997034669
la_trinidad_mini_000008_RI3,RI3,NNA-Dijkstra-HA,trapped,0,0.0,,,,,,0.7300000288523734
la_trinidad_mini_000008_RI4,RI4,NNA-Dijkstra-HA,trapped,0,0.0,,,,,,0.408399966545403
la_trinidad_mini_000008_RI5,RI5,NNA-Dijkstra-HA,trapped,0,0.0,,,,,,0.11470000026747584
la_trinidad_mini_000009_RI1,RI1,NNA-Dijkstra-HA,,0,1.0,30.94866396093654,4315.511379614062,9207.40101369736,62.0,9942.171554791494,5.296399991493672
la_trinidad_mini_000009_RI2,RI2,NNA-Dijkstra-HA,trapped,0,0.0,,,,,,5.882500030566007
la_trinidad_mini_000009_RI3,RI3,NNA-Dijkstra-HA,trapped,0,0.0,,,,,,0.6266999989748001
la_trinidad_mini_000009_RI4,RI4,NNA-Dijkstra-HA,trapped,0,0.0,,,,,,0.1727000344544649
la_trinidad_mini_000009_RI5,RI5,NNA-Dijkstra-HA,trapped,0,0.0,,,,,,0.08739996701478958
la_trinidad_mini_000010_RI1,RI1,NNA-Dijkstra-HA,,0,1.0,27.622945161079542,3241.2009523859883,7318.443275978735,53.0,9323.562587718015,4.126999992877245
la_trinidad_mini_000010_RI2,RI2,NNA-Dijkstra-HA,,0,1.0,28.850631612683078,3241.2009523859883,7318.443275978735,53.0,9323.562587718015,3.6657999735325575
la_trinidad_mini_000010_RI3,RI3,NNA-Dijkstra-HA,trapped,0,0.0,,,,,,0.7723000016994774
la_trinidad_mini_000010_RI4,RI4,NNA-Dijkstra-HA,trapped,0,0.0,,,,,,0.07700000423938036
la_trinidad_mini_000010_RI5,RI5,NNA-Dijkstra-HA,trapped,0,0.0,,,,,,0.07939996430650353
la_trinidad_mini_000011_RI1,RI1,NNA-Dijkstra-HA,,0,1.0,27.035537001762112,3539.7202663332673,7809.422834446564,47.0,8801.990973604912,4.561699985060841
la_trinidad_mini_000011_RI2,RI2,NNA-Dijkstra-HA,,0,1.0,29.66576299625552,3463.8717671165728,8064.894525226334,60.0,9317.146085701816,3.9681000052951276
la_trinidad_mini_000011_RI3,RI3,NNA-Dijkstra-HA,trapped,0,0.0,,,,,,1.0673999786376953
la_trinidad_mini_000011_RI4,RI4,NNA-Dijkstra-HA,trapped,0,0.0,,,,,,0.4588000010699034
la_trinidad_mini_000011_RI5,RI5,NNA-Dijkstra-HA,trapped,0,0.0,,,,,,0.1039999770000577
la_trinidad_mini_000012_RI1,RI1,NNA-Dijkstra-HA,,0,1.0,18.14157048865695,2271.238755421027,5006.349824912839,44.0,6023.363217212345,4.069999966304749
la_trinidad_mini_000012_RI2,RI2,NNA-Dijkstra-HA,trapped,0,0.0,,,,,,4.965800035279244
la_trinidad_mini_000012_RI3,RI3,NNA-Dijkstra-HA,trapped,0,0.0,,,,,,0.5368000129237771
la_trinidad_mini_000012_RI4,RI4,NNA-Dijkstra-HA,trapped,0,0.0,,,,,,0.11789996642619371
la_trinidad_mini_000012_RI5,RI5,NNA-Dijkstra-HA,trapped,0,0.0,,,,,,0.16799999866634607
la_trinidad_mini_000013_RI1,RI1,NNA-Dijkstra-HA,,0,1.0,14.96456372319342,1881.834872028003,3933.365082625906,26.0,5066.662408587955,4.615200043190271
la_trinidad_mini_000013_RI2,RI2,NNA-Dijkstra-HA,,0,1.0,16.946702303070328,1783.3604562998726,4121.067294555164,45.0,5565.482389104065,4.141500045079738
la_trinidad_mini_000013_RI3,RI3,NNA-Dijkstra-HA,trapped,0,0.0,,,,,,1.6257999814115465
la_trinidad_mini_000013_RI4,RI4,NNA-Dijkstra-HA,trapped,0,0.0,,,,,,0.08900003740563989
la_trinidad_mini_000013_RI5,RI5,NNA-Dijkstra-HA,trapped,0,0.0,,,,,,0.11950003681704402
la_trinidad_mini_000014_RI1,RI1,NNA-Dijkstra-HA,,0,1.0,11.348407889229716,1208.513778691593,2919.4020107751603,28.0,3874.050702550386,5.721000023186207
la_trinidad_mini_000014_RI2,RI2,NNA-Dijkstra-HA,,0,1.0,11.85278157319548,1208.513778691593,2919.4020107751603,28.0,3874.050702550386,4.49520000256598
la_trinidad_mini_000014_RI3,RI3,NNA-Dijkstra-HA,trapped,0,0.0,,,,,,2.0221000304445624
la_trinidad_mini_000014_RI4,RI4,NNA-Dijkstra-HA,trapped,0,0.0,,,,,,1.3790000230073929
la_trinidad_mini_000014_RI5,RI5,NNA-Dijkstra-HA,trapped,0,0.0,,,,,,0.3073999541811645
la_trinidad_mini_000015_RI1,RI1,NNA-Dijkstra-HA,,0,1.0,20.910287824857537,2778.952039343874,6250.77046745509,43.0,6702.450043955498,2.7272000443190336
la_trinidad_mini_000015_RI2,RI2,NNA-Dijkstra-HA,,0,1.0,21.839633950406764,2778.952039343874,6250.77046745509,43.0,6702.450043955498,2.3110000183805823
la_trinidad_mini_000015_RI3,RI3,NNA-Dijkstra-HA,trapped,0,0.0,,,,,,0.984499987680465
la_trinidad_mini_000015_RI4,RI4,NNA-Dijkstra-HA,trapped,0,0.0,,,,,,0.35900005605071783
la_trinidad_mini_000015_RI5,RI5,NNA-Dijkstra-HA,trapped,0,0.0,,,,,,0.06619998021051288
la_trinidad_mini_000016_RI1,RI1,NNA-Dijkstra-HA,,0,1.0,44.72408202977938,5013.767322419325,11462.427199447351,80.0,15289.104954272634,5.2417999831959605
la_trinidad_mini_000016_RI2,RI2,NNA-Dijkstra-HA,,0,1.0,48.140465581073556,4937.918823202632,11717.898890227121,93.0,15804.26006636954,4.935100034344941
la_trinidad_mini_000016_RI3,RI3,NNA-Dijkstra-HA,trapped,0,0.0,,,,,,2.754200017079711
la_trinidad_mini_000016_RI4,RI4,NNA-Dijkstra-HA,trapped,0,0.0,,,,,,1.1078999959863722
la_trinidad_mini_000016_RI5,RI5,NNA-Dijkstra-HA,trapped,0,0.0,,,,,,0.06370001938194036
la_trinidad_mini_000017_RI1,RI1,NNA-Dijkstra-HA,,0,1.0,12.673120833243063,1420.0184836484234,3336.697144203776,30.0,4288.0182195223515,3.307600039988756
la_trinidad_mini_000017_RI2,RI2,NNA-Dijkstra-HA,,0,1.0,13.236370648053866,1420.0184836484234,3336.697144203776,30.0,4288.0182195223515,3.1778999837115407
la_trinidad_mini_000017_RI3,RI3,NNA-Dijkstra-HA,trapped,0,0.0,,,,,,1.6190999886021018
la_trinidad_mini_000017_RI4,RI4,NNA-Dijkstra-HA,trapped,0,0.0,,,,,,1.3137999922037125
la_trinidad_mini_000017_RI5,RI5,NNA-Dijkstra-HA,trapped,0,0.0,,,,,,0.2209999947808683
la_trinidad_mini_000018_RI1,RI1,NNA-Dijkstra-HA,,0,1.0,28.967640947060055,3418.429432860556,7662.115497439018,57.0,9783.733496398718,4.203199991025031
la_trinidad_mini_000018_RI2,RI2,NNA-Dijkstra-HA,,0,1.0,30.646126214452373,3190.8301766608906,7567.393133642701,66.0,10007.060229682216,3.9733999874442816
la_trinidad_mini_000018_RI3,RI3,NNA-Dijkstra-HA,trapped,0,0.0,,,,,,1.9869000534527004
la_trinidad_mini_000018_RI4,RI4,NNA-Dijkstra-HA,trapped,0,0.0,,,,,,1.2171000125817955
la_trinidad_mini_000018_RI5,RI5,NNA-Dijkstra-HA,trapped,0,0.0,,,,,,0.05949998740106821
la_trinidad_mini_000019_RI1,RI1,NNA-Dijkstra-HA,,0,1.0,37.94566594475452,5792.837624837921,12600.081173986122,41.0,11534.422407041566,4.508399986661971
la_trinidad_mini_000019_RI2,RI2,NNA-Dijkstra-HA,trapped,0,0.0,,,,,,3.847500018309802
la_trinidad_mini_000019_RI3,RI3,NNA-Dijkstra-HA,trapped,0,0.0,,,,,,0.5754000158049166
la_trinidad_mini_000019_RI4,RI4,NNA-Dijkstra-HA,trapped,0,0.0,,,,,,0.3992000129073858
la_trinidad_mini_000019_RI5,RI5,NNA-Dijkstra-HA,trapped,0,0.0,,,,,,0.07219996768981218
la_trinidad_mini_000000_RI1,RI1,NNA-Dijkstra,,0,1.0,22.815322443125797,3056.361029029746,6320.264554127953,46.0,7563.069271205148,5.196899990551174
la_trinidad_mini_000000_RI2,RI2,NNA-Dijkstra,trapped,1,0.0,,,,,,4.430799977853894
la_trinidad_mini_000000_RI3,RI3,NNA-Dijkstra,trapped,1,0.0,,,,,,5.097799992654473
la_trinidad_mini_000000_RI4,RI4,NNA-Dijkstra,trapped,1,0.0,,,,,,3.583799989428371
la_trinidad_mini_000000_RI5,RI5,NNA-Dijkstra,trapped,1,0.0,,,,,,1.2576000299304724
la_trinidad_mini_000001_RI1,RI1,NNA-Dijkstra,,0,1.0,27.83222832961387,3278.952471300338,7271.955011319966,48.0,9445.169809258536,4.042799992021173
la_trinidad_mini_000001_RI2,RI2,NNA-Dijkstra,,1,1.0,37.84695119155127,3766.11739904362,8795.198761970896,79.0,12633.528655212622,5.157700041308999
la_trinidad_mini_000001_RI3,RI3,NNA-Dijkstra,trapped,1,0.0,,,,,,3.7924000062048435
la_trinidad_mini_000001_RI4,RI4,NNA-Dijkstra,trapped,1,0.0,,,,,,2.020099957007915
la_trinidad_mini_000001_RI5,RI5,NNA-Dijkstra,trapped,1,0.0,,,,,,1.028299971949309
la_trinidad_mini_000002_RI1,RI1,NNA-Dijkstra,,0,1.0,20.765359181795255,2484.2507984863123,5396.844549630392,34.0,7061.296540628576,3.9982000016607344
la_trinidad_mini_000002_RI2,RI2,NNA-Dijkstra,,1,1.0,24.10615790329996,2490.585920848896,5857.775294358357,51.0,7918.883409305803,4.270999983418733
la_trinidad_mini_000002_RI3,RI3,NNA-Dijkstra,trapped,1,0.0,,,,,,3.263499995227903
la_trinidad_mini_000002_RI4,RI4,NNA-Dijkstra,trapped,1,0.0,,,,,,3.2688999781385064
la_trinidad_mini_000002_RI5,RI5,NNA-Dijkstra,trapped,1,0.0,,,,,,3.3634999999776483
la_trinidad_mini_000003_RI1,RI1,NNA-Dijkstra,,0,1.0,19.08843636410799,2762.070043369555,5714.572600910875,34.0,6114.278790675318,2.426600025501102
la_trinidad_mini_000003_RI2,RI2,NNA-Dijkstra,trapped,1,0.0,,,,,,1.9384999759495258
la_trinidad_mini_000003_RI3,RI3,NNA-Dijkstra,trapped,1,0.0,,,,,,1.4240999589674175
la_trinidad_mini_000003_RI4,RI4,NNA-Dijkstra,trapped,1,0.0,,,,,,0.8123999577946961
la_trinidad_mini_000003_RI5,RI5,NNA-Dijkstra,trapped,1,0.0,,,,,,0.7218000246211886
la_trinidad_mini_000004_RI1,RI1,NNA-Dijkstra,,0,1.0,28.122238274457978,3977.5449425425277,8858.085675378588,36.0,8788.409151305956,4.997000040020794
la_trinidad_mini_000004_RI2,RI2,NNA-Dijkstra,,1,1.0,43.80543348799129,5616.576791453914,12691.170464268536,53.0,13366.85983746181,5.351200001314282
la_trinidad_mini_000004_RI3,RI3,NNA-Dijkstra,trapped,1,0.0,,,,,,1.6231999616138637
la_trinidad_mini_000004_RI4,RI4,NNA-Dijkstra,trapped,1,0.0,,,,,,1.553800015244633
la_trinidad_mini_000004_RI5,RI5,NNA-Dijkstra,trapped,1,0.0,,,,,,1.5307000139728189
la_trinidad_mini_000005_RI1,RI1,NNA-Dijkstra,,0,1.0,32.134974282217186,5043.154026469255,10803.183644184759,42.0,9701.8460905497,4.58110001636669
la_trinidad_mini_000005_RI2,RI2,NNA-Dijkstra,trapped,1,0.0,,,,,,1.445300003979355
la_trinidad_mini_000005_RI3,RI3,NNA-Dijkstra,trapped,1,0.0,,,,,,1.388799981214106
la_trinidad_mini_000005_RI4,RI4,NNA-Dijkstra,trapped,1,0.0,,,,,,1.3587000430561602
la_trinidad_mini_000005_RI5,RI5,NNA-Dijkstra,trapped,1,0.0,,,,,,1.274899987038225
la_trinidad_mini_000006_RI1,RI1,NNA-Dijkstra,,0,1.0,29.818962127772398,3917.686319966407,8514.127150884353,57.0,9757.848624610851,3.828599990811199
la_trinidad_mini_000006_RI2,RI2,NNA-Dijkstra,,1,1.0,41.17625418730651,5157.852132115425,11409.37006184224,64.0,12824.629353366809,3.943599993363023
la_trinidad_mini_000006_RI3,RI3,NNA-Dijkstra,trapped,1,0.0,,,,,,2.110400004312396
la_trinidad_mini_000006_RI4,RI4,NNA-Dijkstra,trapped,1,0.0,,,,,,1.0653000208549201
la_trinidad_mini_000006_RI5,RI5,NNA-Dijkstra,trapped,1,0.0,,,,,,1.132100005634129
la_trinidad_mini_000007_RI1,RI1,NNA-Dijkstra,,0,1.0,39.55993818490169,5212.502439401706,11718.03768355974,49.0,12734.152105123925,4.325699992477894
la_trinidad_mini_000007_RI2,RI2,NNA-Dijkstra,,1,1.0,51.35016251364155,6452.668251550724,14613.280594517628,56.0,15800.932833879882,4.42249997286126
la_trinidad_mini_000007_RI3,RI3,NNA-Dijkstra,trapped,1,0.0,,,,,,3.4757000394165516
la_trinidad_mini_000007_RI4,RI4,NNA-Dijkstra,trapped,1,0.0,,,,,,3.3992999815382063
la_trinidad_mini_000007_RI5,RI5,NNA-Dijkstra,trapped,1,0.0,,,,,,1.1956999660469592
la_trinidad_mini_000008_RI1,RI1,NNA-Dijkstra,,0,1.0,18.631926469165677,2205.373897823166,4963.605682273958,40.0,6275.2025993708885,3.348900005221367
la_trinidad_mini_000008_RI2,RI2,NNA-Dijkstra,,0,1.0,19.460012090017486,2205.373897823166,4963.605682273958,40.0,6275.2025993708885,3.4002000465989113
la_trinidad_mini_000008_RI3,RI3,NNA-Dijkstra,trapped,1,0.0,,,,,,3.159400017466396
la_trinidad_mini_000008_RI4,RI4,NNA-Dijkstra,trapped,1,0.0,,,,,,2.682599995750934
la_trinidad_mini_000008_RI5,RI5,NNA-Dijkstra,trapped,1,0.0,,,,,,1.6272999928332865
la_trinidad_mini_000009_RI1,RI1,NNA-Dijkstra,,0,1.0,30.94866396093654,4315.511379614062,9207.40101369736,62.0,9942.171554791494,3.9270000415854156
la_trinidad_mini_000009_RI2,RI2,NNA-Dijkstra,trapped,1,0.0,,,,,,2.211799961514771
la_trinidad_mini_000009_RI3,RI3,NNA-Dijkstra,trapped,1,0.0,,,,,,2.2747000330127776
la_trinidad_mini_000009_RI4,RI4,NNA-Dijkstra,trapped,1,0.0,,,,,,1.2052000383846462
la_trinidad_mini_000009_RI5,RI5,NNA-Dijkstra,trapped,1,0.0,,,,,,1.2005000025965273
la_trinidad_mini_000010_RI1,RI1,NNA-Dijkstra,,0,1.0,27.622945161079542,3241.2009523859883,7318.443275978735,53.0,9323.562587718015,3.6381000536493957
la_trinidad_mini_000010_RI2,RI2,NNA-Dijkstra,,0,1.0,28.850631612683078,3241.2009523859883,7318.443275978735,53.0,9323.562587718015,3.645299992058426
la_trinidad_mini_000010_RI3,RI3,NNA-Dijkstra,trapped,1,0.0,,,,,,3.136900020763278
la_trinidad_mini_000010_RI4,RI4,NNA-Dijkstra,trapped,1,0.0,,,,,,1.1567000183276832
la_trinidad_mini_000010_RI5,RI5,NNA-Dijkstra,trapped,1,0.0,,,,,,1.2392999487929046
la_trinidad_mini_000011_RI1,RI1,NNA-Dijkstra,,0,1.0,27.035537001762112,3539.7202663332673,7809.422834446564,47.0,8801.990973604912,4.367999965324998
la_trinidad_mini_000011_RI2,RI2,NNA-Dijkstra,,1,1.0,37.01485136023943,4026.8851940765494,9332.666585097493,78.0,11990.349819558996,4.825699958018959
la_trinidad_mini_000011_RI3,RI3,NNA-Dijkstra,trapped,1,0.0,,,,,,1.567100000102073
la_trinidad_mini_000011_RI4,RI4,NNA-Dijkstra,trapped,1,0.0,,,,,,1.3604999985545874
la_trinidad_mini_000011_RI5,RI5,NNA-Dijkstra,trapped,1,0.0,,,,,,1.3466999516822398
la_trinidad_mini_000012_RI1,RI1,NNA-Dijkstra,,0,1.0,18.14157048865695,2271.238755421027,5006.349824912839,44.0,6023.363217212345,3.168900031596422
la_trinidad_mini_000012_RI2,RI2,NNA-Dijkstra,trapped,1,0.0,,,,,,2.627299982123077
la_trinidad_mini_000012_RI3,RI3,NNA-Dijkstra,trapped,1,0.0,,,,,,1.310999970883131
la_trinidad_mini_000012_RI4,RI4,NNA-Dijkstra,trapped,1,0.0,,,,,,1.5154999564401805
la_trinidad_mini_000012_RI5,RI5,NNA-Dijkstra,trapped,1,0.0,,,,,,1.3185999705456197
la_trinidad_mini_000013_RI1,RI1,NNA-Dijkstra,,0,1.0,14.96456372319342,1881.834872028003,3933.365082625906,26.0,5066.662408587955,2.5295999948866665
la_trinidad_mini_000013_RI2,RI2,NNA-Dijkstra,,1,1.0,22.59694449934567,2218.593526575918,5080.593150288419,55.0,7628.328449561342,3.3129999646916986
la_trinidad_mini_000013_RI3,RI3,NNA-Dijkstra,trapped,1,0.0,,,,,,2.8291000053286552
la_trinidad_mini_000013_RI4,RI4,NNA-Dijkstra,trapped,1,0.0,,,,,,0.7584000122733414
la_trinidad_mini_000013_RI5,RI5,NNA-Dijkstra,trapped,1,0.0,,,,,,0.7681000279262662
la_trinidad_mini_000014_RI1,RI1,NNA-Dijkstra,,0,1.0,11.348407889229716,1208.513778691593,2919.4020107751603,28.0,3874.050702550386,4.360000020824373
la_trinidad_mini_000014_RI2,RI2,NNA-Dijkstra,,0,1.0,11.85278157319548,1208.513778691593,2919.4020107751603,28.0,3874.050702550386,4.358400008641183
la_trinidad_mini_000014_RI3,RI3,NNA-Dijkstra,trapped,1,0.0,,,,,,4.346099973190576
la_trinidad_mini_000014_RI4,RI4,NNA-Dijkstra,trapped,1,0.0,,,,,,3.777200006879866
la_trinidad_mini_000014_RI5,RI5,NNA-Dijkstra,trapped,1,0.0,,,,,,3.021900018211454
la_trinidad_mini_000015_RI1,RI1,NNA-Dijkstra,,0,1.0,20.910287824857537,2778.952039343874,6250.77046745509,43.0,6702.450043955498,2.119900018442422
la_trinidad_mini_000015_RI2,RI2,NNA-Dijkstra,,0,1.0,21.839633950406764,2778.952039343874,6250.77046745509,43.0,6702.450043955498,1.9957000040449202
la_trinidad_mini_000015_RI3,RI3,NNA-Dijkstra,trapped,1,0.0,,,,,,1.7726999940350652
la_trinidad_mini_000015_RI4,RI4,NNA-Dijkstra,trapped,1,0.0,,,,,,0.6370999617502093
la_trinidad_mini_000015_RI5,RI5,NNA-Dijkstra,trapped,1,0.0,,,,,,0.5746000097133219
la_trinidad_mini_000016_RI1,RI1,NNA-Dijkstra,,0,1.0,45.548647035278904,5735.982525010101,13012.436889020464,78.0,14901.645662070852,4.5547999907284975
la_trinidad_mini_000016_RI2,RI2,NNA-Dijkstra,,1,1.0,62.0063493048487,7375.014373921488,16845.521677910412,95.0,19480.096348226707,5.51160000031814
la_trinidad_mini_000016_RI3,RI3,NNA-Dijkstra,trapped,1,0.0,,,,,,5.010799970477819
la_trinidad_mini_000016_RI4,RI4,NNA-Dijkstra,trapped,1,0.0,,,,,,1.8433999503031373
la_trinidad_mini_000016_RI5,RI5,NNA-Dijkstra,trapped,1,0.0,,,,,,1.711399992927909
la_trinidad_mini_000017_RI1,RI1,NNA-Dijkstra,,0,1.0,12.673120833243063,1420.0184836484234,3336.697144203776,30.0,4288.0182195223515,2.9510000022128224
la_trinidad_mini_000017_RI2,RI2,NNA-Dijkstra,,0,1.0,13.236370648053866,1420.0184836484234,3336.697144203776,30.0,4288.0182195223515,2.8794999816454947
la_trinidad_mini_000017_RI3,RI3,NNA-Dijkstra,trapped,1,0.0,,,,,,2.7960000443272293
la_trinidad_mini_000017_RI4,RI4,NNA-Dijkstra,trapped,1,0.0,,,,,,2.787100034765899
la_trinidad_mini_000017_RI5,RI5,NNA-Dijkstra,trapped,1,0.0,,,,,,1.636000000871718
la_trinidad_mini_000018_RI1,RI1,NNA-Dijkstra,,0,1.0,28.967640947060055,3418.429432860556,7662.115497439018,57.0,9783.733496398718,3.691699996124953
la_trinidad_mini_000018_RI2,RI2,NNA-Dijkstra,,1,1.0,39.03282659199506,3905.5943606038377,9185.35924808995,88.0,12972.092342352802,4.291099961847067
la_trinidad_mini_000018_RI3,RI3,NNA-Dijkstra,trapped,1,0.0,,,,,,3.3792000031098723
la_trinidad_mini_000018_RI4,RI4,NNA-Dijkstra,trapped,1,0.0,,,,,,4.104499996174127
la_trinidad_mini_000018_RI5,RI5,NNA-Dijkstra,trapped,1,0.0,,,,,,1.4510999899357557
la_trinidad_mini_000019_RI1,RI1,NNA-Dijkstra,,0,1.0,37.94566594475452,5792.837624837921,12600.081173986122,41.0,11534.422407041566,5.724999995436519
la_trinidad_mini_000019_RI2,RI2,NNA-Dijkstra,trapped,1,0.0,,,,,,2.4596000439487398
la_trinidad_mini_000019_RI3,RI3,NNA-Dijkstra,trapped,1,0.0,,,,,,2.3820000351406634
la_trinidad_mini_000019_RI4,RI4,NNA-Dijkstra,trapped,1,0.0,,,,,,2.5404999614693224
la_trinidad_mini_000019_RI5,RI5,NNA-Dijkstra,trapped,1,0.0,,,,,,2.3622000007890165
