profile,ri_key,baseline,dqn_success_rate,baseline_success_rate,success_rate_delta,dqn_objective,baseline_objective,objective_delta_success,dqn_risk,baseline_risk,risk_delta_success,dqn_common_risk,baseline_common_risk,common_risk_delta_success,dqn_time,baseline_time,time_delta_success,dqn_blockage,baseline_blockage,blockage_delta_success
balanced,RI2,Greedy-Time-Base,1.0,1.0,0.0,650.461196,1019.864009,-369.402813,62.676293,110.007362,-47.331069,62.676293,110.007362,-47.331069,103.413917,97.203585,6.210332,59.682563,107.403065,-47.720502
balanced,RI2,Greedy-Time-SoftPenalty,1.0,1.0,0.0,650.461196,710.570834,-60.109638,62.676293,73.178304,-10.502011,62.676293,73.178304,-10.502011,103.413917,86.824027,16.58989,59.682563,71.133761,-11.451198
balanced,RI2,Greedy-HazardAware,1.0,1.0,0.0,650.461196,687.056448,-36.595252,62.676293,65.231944,-2.555651,62.676293,65.231944,-2.555651,103.413917,114.581825,-11.167908,59.682563,61.84051,-2.157947
balanced,RI3,Greedy-Time-Base,1.0,1.0,0.0,1616.589904,2058.885805,-442.295901,173.95647,228.58385,-54.62738,173.95647,228.58385,-54.62738,156.785951,160.853652,-4.067701,170.0322,224.837485,-54.805285
balanced,RI3,Greedy-Time-SoftPenalty,1.0,1.0,0.0,1616.589904,1747.004765,-130.414861,173.95647,190.162766,-16.206296,173.95647,190.162766,-16.206296,156.785951,157.424503,-0.638552,170.0322,186.311408,-16.279208
balanced,RI3,Greedy-HazardAware,1.0,1.0,0.0,1616.589904,1716.538689,-99.948785,173.95647,183.304066,-9.347596,173.95647,183.304066,-9.347596,156.785951,174.227438,-17.441487,170.0322,178.789115,-8.756915
balanced,RI4,Greedy-Time-Base,1.0,1.0,0.0,2981.868502,3590.76009,-608.891588,322.063154,394.768918,-72.705764,322.063154,394.768918,-72.705764,283.555321,302.979819,-19.424498,317.246291,389.9264,-72.680109
balanced,RI4,Greedy-Time-SoftPenalty,1.0,1.0,0.0,2981.868502,3182.842617,-200.974115,322.063154,345.581872,-23.518718,322.063154,345.581872,-23.518718,283.555321,292.609895,-9.054574,317.246291,340.696668,-23.450377
balanced,RI4,Greedy-HazardAware,1.0,1.0,0.0,2981.868502,3279.568743,-297.700241,322.063154,352.080674,-30.01752,322.063154,352.080674,-30.01752,283.555321,323.699858,-40.144537,317.246291,346.608536,-29.362245
balanced,RI5,Greedy-Time-Base,1.0,1.0,0.0,3577.432678,4252.829339,-675.396661,374.819767,451.928906,-77.109139,374.819767,451.928906,-77.109139,405.542004,446.875192,-41.333188,369.784785,446.614123,-76.829338
balanced,RI5,Greedy-Time-SoftPenalty,1.0,1.0,0.0,3577.432678,3836.625446,-259.192768,374.819767,402.836853,-28.017086,374.819767,402.836853,-28.017086,405.542004,430.094639,-24.552635,369.784785,397.413253,-27.628468
balanced,RI5,Greedy-HazardAware,1.0,1.0,0.0,3577.432678,3974.470296,-397.037618,374.819767,413.27339,-38.453623,374.819767,413.27339,-38.453623,405.542004,467.993251,-62.451247,369.784785,407.363417,-37.578632
fast,RI2,Greedy-Time-Base,1.0,1.0,0.0,444.676453,541.929697,-97.253244,71.244153,110.007362,-38.763209,71.244153,110.007362,-38.763209,83.988618,97.203585,-13.214967,69.214887,107.403065,-38.188178
fast,RI2,Greedy-Time-SoftPenalty,1.0,1.0,0.0,444.676453,459.247169,-14.570716,71.244153,73.178304,-1.934151,71.244153,73.178304,-1.934151,83.988618,86.824027,-2.835409,69.214887,71.133761,-1.918874
fast,RI2,Greedy-HazardAware,1.0,1.0,0.0,444.676453,465.904169,-21.227716,71.244153,72.712072,-1.467919,71.244153,72.712072,-1.467919,83.988618,88.426638,-4.43802,69.214887,70.620637,-1.40575
fast,RI3,Greedy-Time-Base,1.0,1.0,0.0,836.94712,942.197916,-105.250796,179.631014,228.58385,-48.952836,179.631014,228.58385,-48.952836,148.088289,160.853652,-12.765363,175.988193,224.837485,-48.849292
fast,RI3,Greedy-Time-SoftPenalty,1.0,1.0,0.0,836.94712,888.959152,-52.012032,179.631014,190.162766,-10.531752,179.631014,190.162766,-10.531752,148.088289,157.424503,-9.336214,175.988193,186.311408,-10.323215
fast,RI3,Greedy-HazardAware,1.0,1.0,0.0,836.94712,898.232363,-61.285243,179.631014,187.412284,-7.78127,179.631014,187.412284,-7.78127,148.088289,160.121707,-12.033418,175.988193,183.329548,-7.341355
fast,RI4,Greedy-Time-Base,1.0,1.0,0.0,1536.72581,1737.895754,-201.169944,327.373512,394.768918,-67.395406,327.373512,394.768918,-67.395406,272.735187,302.979819,-30.244632,322.778676,389.9264,-67.147724
fast,RI4,Greedy-Time-SoftPenalty,1.0,1.0,0.0,1536.72581,1643.123802,-106.397992,327.373512,345.581872,-18.20836,327.373512,345.581872,-18.20836,272.735187,292.609895,-19.874708,322.778676,340.696668,-17.917992
fast,RI4,Greedy-HazardAware,1.0,1.0,0.0,1536.72581,1677.970098,-141.244288,327.373512,348.112254,-20.738742,327.373512,348.112254,-20.738742,272.735187,299.881823,-27.146636,322.778676,343.06336,-20.284684
fast,RI5,Greedy-Time-Base,1.0,1.0,0.0,2170.201585,2432.280954,-262.079369,380.46368,451.928906,-71.465226,380.46368,451.928906,-71.465226,403.782907,446.875192,-43.092285,375.441409,446.614123,-71.172714
fast,RI5,Greedy-Time-SoftPenalty,1.0,1.0,0.0,2170.201585,2309.292343,-139.090758,380.46368,402.836853,-22.373173,380.46368,402.836853,-22.373173,403.782907,430.094639,-26.311732,375.441409,397.413253,-21.971844
fast,RI5,Greedy-HazardAware,1.0,1.0,0.0,2170.201585,2321.553373,-151.351788,380.46368,399.94968,-19.486,380.46368,399.94968,-19.486,403.782907,433.499814,-29.716907,375.441409,394.476941,-19.035532
safe,RI2,Greedy-Time-Base,1.0,1.0,0.0,2511.90379,4426.327614,-1914.423824,62.023919,110.007362,-47.983443,62.023919,110.007362,-47.983443,114.031334,97.203585,16.827749,58.723744,107.403065,-48.679321
safe,RI2,Greedy-Time-SoftPenalty,1.0,1.0,0.0,2511.90379,2950.653362,-438.749572,62.023919,73.178304,-11.154385,62.023919,73.178304,-11.154385,114.031334,86.824027,27.207307,58.723744,71.133761,-12.410017
safe,RI2,Greedy-HazardAware,1.0,1.0,0.0,2511.90379,2607.604902,-95.701112,62.023919,64.360802,-2.336883,62.023919,64.360802,-2.336883,114.031334,122.241935,-8.210601,58.723744,60.703198,-1.979454
safe,RI3,Greedy-Time-Base,1.0,1.0,0.0,6993.796404,9185.297797,-2191.501393,173.742615,228.58385,-54.841235,173.742615,228.58385,-54.841235,165.795451,160.853652,4.941799,169.977525,224.837485,-54.85996
safe,RI3,Greedy-Time-SoftPenalty,1.0,1.0,0.0,6993.796404,7647.955706,-654.159302,173.742615,190.162766,-16.420151,173.742615,190.162766,-16.420151,165.795451,157.424503,8.370948,169.977525,186.311408,-16.333883
safe,RI3,Greedy-HazardAware,1.0,1.0,0.0,6993.796404,7360.814641,-367.018237,173.742615,182.812951,-9.070336,173.742615,182.812951,-9.070336,165.795451,181.173339,-15.377888,169.977525,178.663786,-8.686261
safe,RI4,Greedy-Time-Base,1.0,1.0,0.0,12959.71452,15868.742638,-2909.028118,322.12879,394.768918,-72.640128,322.12879,394.768918,-72.640128,287.470273,302.979819,-15.509546,317.29427,389.9264,-72.63213
safe,RI4,Greedy-Time-SoftPenalty,1.0,1.0,0.0,12959.71452,13898.977163,-939.262643,322.12879,345.581872,-23.453082,322.12879,345.581872,-23.453082,287.470273,292.609895,-5.139622,317.29427,340.696668,-23.402398
safe,RI4,Greedy-HazardAware,1.0,1.0,0.0,12959.71452,14211.590296,-1251.875776,322.12879,353.15929,-31.0305,322.12879,353.15929,-31.0305,287.470273,327.874504,-40.404231,317.29427,347.660247,-30.365977
safe,RI5,Greedy-Time-Base,1.0,1.0,0.0,15232.906763,18191.509119,-2958.602356,378.157209,451.928906,-73.771697,378.157209,451.928906,-73.771697,414.69617,446.875192,-32.179022,372.998791,446.614123,-73.615332
safe,RI5,Greedy-Time-SoftPenalty,1.0,1.0,0.0,15232.906763,16224.000321,-991.093558,378.157209,402.836853,-24.679644,378.157209,402.836853,-24.679644,414.69617,430.094639,-15.398469,372.998791,397.413253,-24.414462
safe,RI5,Greedy-HazardAware,1.0,1.0,0.0,15232.906763,16674.031082,-1441.124319,378.157209,413.834058,-35.676849,378.157209,413.834058,-35.676849,414.69617,468.545879,-53.849709,372.998791,407.926564,-34.927773
